来源,序号/名称,标题/名称,提取餐厅/地点名,Google Maps查询URL,Google查询词,Google候选名,Google候选详情,Google纬度,Google经度,Google页面文件,Google搜索状态,是否可先作为地址候选,备注
小红书,4,塔什干｜乌兹庭院民族风餐厅JIGARIM,JIGARIM,https://www.google.com/maps/search/JIGARIM%20Tashkent%20Uzbekistan%20restaurant,JIGARIM JIGARIM Tashkent Uzbekistan restaurant,# Google 地图, |  | 附近 | 发送到手机,41.2809066,69.2928924,/Users/g90/xiaohongshu_tandian_recovered/tandian_only/xhs_google_yandex_83/google_pages/01_seq4_JIGARIM.md,Google有坐标待Yandex坐标复核,否,Google页面有坐标但候选名未解析出具体地点名，需打开详情页确认
小红书,5,塔什干｜乌兹庭院民族风餐厅JIGARIM,JIGARIM,https://www.google.com/maps/search/JIGARIM%20Tashkent%20Uzbekistan%20restaurant,JIGARIM JIGARIM Tashkent Uzbekistan restaurant,Jigarim restaurant,餐馆；Google Maps 详情页,41.2809066,69.2928924,/Users/g90/Documents/Codex/2026-06-13/hermes/work/maps_reads_next/002_JIGARIM.md,Google Maps已确认,是,同名详情页；坐标来自第二批 Google Maps 读取页。
小红书,7,塔什干｜乌兹民族菜 Shesh Besh,Shesh Besh,https://www.google.com/maps/search/Shesh%20Besh%20Tashkent%20Uzbekistan%20restaurant,Shesh Besh Shesh Besh Tashkent Uzbekistan,# Google 地图,"https://www.instagram.com/ https://www.instagram.com › DXy-xscIUWR | если у вас в Ташкенте один день, то обязательно советую .. | Но оно того стоит. Наконец-то долгожданное летнее меню в Shesh Besh! ... One day in the life of a content maker in Tashkent. In the morning we ...",41.2939992,69.2643676,/Users/g90/xiaohongshu_tandian_recovered/tandian_only/xhs_google_yandex_83/google_pages/03_seq7_Shesh_Besh.md,Google有坐标待Yandex坐标复核,否,Google页面有坐标但候选名未解析出具体地点名，需打开详情页确认
小红书,9,塔什干｜抓饭博物馆,plov museum,https://www.google.com/maps/search/plov%20museum%20Tashkent%20Uzbekistan%20restaurant,plov museum Tashkent Uzbekistan,Plov Museum,餐馆；Google Maps 详情页,41.3315216,69.3124388,/Users/g90/Documents/Codex/2026-06-13/hermes/work/maps_reads_next/004_plov_museum.md,Google Maps已确认,是,同名/英文等价详情页；坐标来自第二批 Google Maps 读取页。
小红书,10,塔什干｜印度菜 The host,The Host,https://www.google.com/maps/search/The%20Host%20Tashkent%20Uzbekistan%20restaurant,The host The Host Indian Restaurant Tashkent Uzbekistan,The Host- Indian Restaurant,"Street Oybek 65/4, 100015, Тоshkent",41.2914696,69.2827894,/Users/g90/Documents/Codex/2026-06-13/hermes/work/maps_reads_next/005_The_Host.md,Google Maps已确认,是,同名详情页；地址和坐标来自第二批 Google Maps 读取页。
小红书,12,塔什干｜Lali 高品质乌兹民族菜 都吃啥,Lali,https://www.google.com/maps/search/Lali%20Tashkent%20Uzbekistan%20restaurant,Lali Lali Tashkent Uzbekistan,Lali Restaurant,餐馆；Google Maps 详情页,41.3279321,69.2779741,/Users/g90/Documents/Codex/2026-06-13/hermes/work/maps_reads_next/006_Lali.md,Google Maps已确认,是,同名详情页；坐标来自第二批 Google Maps 读取页。
小红书,54,塔什干 100块的brunch 巧克力蛋糕超浓郁,COCOCHOU BAKERY,https://www.google.com/maps/search/COCOCHOU%20BAKERY%20Tashkent%20Uzbekistan%20restaurant,brunch brunch Tashkent Uzbekistan cake shop,COCOCHOU BAKERY,"Mirobod ko'chasi 39, 100015, Тоshkent",41.2928277,69.2717089,/Users/g90/xiaohongshu_tandian_recovered/tandian_only/xhs_google_yandex_83/google_pages/11_seq54_100块的brunch_巧克力蛋糕超浓郁.md,用户补充地址+Google Maps已确认,是,用户补充 Cocochou 地址与 Google Maps 同名详情页一致。
小红书,56,塔什干 友谊餐厅,友谊餐厅,https://www.google.com/maps/search/%E5%8F%8B%E8%B0%8A%E9%A4%90%E5%8E%85%20Tashkent%20Uzbekistan%20restaurant,Tashkent Uzbekistan restaurant,Yuzhanin,4.7 (689) | 餐馆·Turkiston ko'chasi 12a | 已结束营业 · 开始营业时间：11:00 | 堂食·外带,41.2915523,69.2837310,/Users/g90/xiaohongshu_tandian_recovered/tandian_only/xhs_google_yandex_83/google_pages/13_seq56_友谊餐厅.md,Google有坐标待Yandex坐标复核,是,
小红书,57,塔什干 index市场里的福建菜,Index market,https://www.google.com/maps/search/Index%20market%20Tashkent%20Uzbekistan%20restaurant,index in market Tashkent Uzbekistan,Tashkent Index,4.5 (239) | 展览贸易中心··662Q+52W | 已结束营业 · 开始营业时间：09:00· +998 99 332 33 33,41.2004991,69.2375901,/Users/g90/xiaohongshu_tandian_recovered/tandian_only/xhs_google_yandex_83/google_pages/14_seq57_index.md,Google有坐标待Yandex坐标复核,是,
小红书,59,塔什干 西西里餐厅 Sorrento,Sorrento,https://www.google.com/maps/search/Sorrento%20Tashkent%20Uzbekistan%20restaurant,Sorrento T08 sessionId vertical hasMore false stopReason end of scroll horizontal hasMore false restaurant Tashkent Uzbekistan,# Google 地图,,41.2919662,69.2707830,/Users/g90/xiaohongshu_tandian_recovered/tandian_only/xhs_google_yandex_83/google_pages/15_seq59_Sorrento.md,Google有坐标待Yandex坐标复核,否,Google页面有坐标但候选名未解析出具体地点名，需打开详情页确认
小红书,64,塔什干 kfc的穷鬼套餐,KFC,https://www.google.com/maps/search/KFC%20Tashkent%20Uzbekistan%20restaurant,kfc kfc Tashkent Uzbekistan,KFC,3.3 (58)·UZS 5-10万 | 快餐·Улица Баходира 1 | 24 小时营业·+998 78 129 70 00 | 堂食·外带·送货,41.2986729,69.2460701,/Users/g90/xiaohongshu_tandian_recovered/tandian_only/xhs_google_yandex_83/google_pages/16_seq64_kfc的穷鬼套餐.md,Google有坐标待Yandex坐标复核,是,
小红书,71,塔什干 最红的syrovarnya 吃嗨了,Syrovarnya,https://www.google.com/maps/search/Syrovarnya%20Tashkent%20Uzbekistan%20restaurant,syrovarnya syrovarnya Tashkent Uzbekistan,# Google 地图,,41.3118672,69.2856216,/Users/g90/xiaohongshu_tandian_recovered/tandian_only/xhs_google_yandex_83/google_pages/19_seq71_最红的syrovarnya_吃嗨了.md,Google有坐标待Yandex坐标复核,否,Google页面有坐标但候选名未解析出具体地点名，需打开详情页确认
小红书,78,塔什干 kitana 300w吃了个寂寞,Kitana,https://www.google.com/maps/search/Kitana%20Tashkent%20Uzbekistan%20restaurant,kitana kitana Tashkent Uzbekistan,# Google 地图,,41.3121108,69.2860065,/Users/g90/xiaohongshu_tandian_recovered/tandian_only/xhs_google_yandex_83/google_pages/22_seq78_kitana.md,Google有坐标待Yandex坐标复核,否,Google页面有坐标但候选名未解析出具体地点名，需打开详情页确认
小红书,81,塔什干 美少女聚集的咖啡屋 Cocochou,Cocochou,https://www.google.com/maps/search/Cocochou%20Tashkent%20Uzbekistan%20restaurant,Cocochou Cocochou Tashkent Uzbekistan coffee shop,COCOCHOU BAKERY,"Mirobod ko'chasi 39, 100015, Тоshkent",41.2928277,69.2717089,/Users/g90/xiaohongshu_tandian_recovered/tandian_only/xhs_google_yandex_83/google_pages/24_seq81_Cocochou.md,用户补充地址+Google Maps已确认,是,用户补充 Cocochou 地址与 Google Maps 同名详情页一致。
小红书,84,塔什干 index市场里的本地菜 doda,Doda,https://www.google.com/maps/search/Doda%20Tashkent%20Uzbekistan%20restaurant,doda index doda market Tashkent Uzbekistan,# Google 地图,,41.3715299,69.1486849,/Users/g90/xiaohongshu_tandian_recovered/tandian_only/xhs_google_yandex_83/google_pages/26_seq84_doda.md,Google有坐标待Yandex坐标复核,否,Google页面有坐标但候选名未解析出具体地点名，需打开详情页确认
小红书,85,塔什干 光盘每一餐的店 湘疆缘,湘疆缘,https://www.google.com/maps/search/%E6%B9%98%E7%96%86%E7%BC%98%20Tashkent%20Uzbekistan%20restaurant,Yan Tashkent Uzbekistan,Yapartner,"2.8 (207) | 出租车公司··Ташкент, Чиланзарский район квартал 6, 22 | +998 97 720 78 89 | 门店服务",41.2838846,69.2102931,/Users/g90/xiaohongshu_tandian_recovered/tandian_only/xhs_google_yandex_83/google_pages/27_seq85_湘疆缘.md,Google有坐标待Yandex坐标复核,是,
小红书,90,塔什干 棒约翰披萨🍕,Papa Johns,https://www.google.com/maps/search/Papa%20Johns%20Tashkent%20Uzbekistan%20restaurant,Tashkent Uzbekistan,# Google 地图,,41.2982211,69.2385223,/Users/g90/xiaohongshu_tandian_recovered/tandian_only/xhs_google_yandex_83/google_pages/28_seq90_塔什干_棒约翰披萨_.md,Google有坐标待Yandex坐标复核,否,Google页面有坐标但候选名未解析出具体地点名，需打开详情页确认
小红书,93,塔什干 高加索菜 Южанин,Южанин,https://www.google.com/maps/search/%D0%AE%D0%B6%D0%B0%D0%BD%D0%B8%D0%BD%20Tashkent%20Uzbekistan%20restaurant,Tashkent Uzbekistan Южанин Южанин Южанин,# Google 地图,订座 [23] | familygarden.su [23] | 菜单 [24] | familygarden.su [24],41.2915523,69.2837310,/Users/g90/xiaohongshu_tandian_recovered/tandian_only/xhs_google_yandex_83/google_pages/30_seq93_高加索菜_.md,Google有坐标待Yandex坐标复核,否,Google页面有坐标但候选名未解析出具体地点名，需打开详情页确认
小红书,99,塔什干 早餐 goodfood,Good Food,https://www.google.com/maps/search/Good%20Food%20Tashkent%20Uzbekistan%20restaurant,goodfood goodfood Tashkent Uzbekistan breakfast cafe,Bakery & Coffee by Good Food,5.0 (2) | 咖啡店·Qatartol ko'chasi | 已结束营业 · 开始营业时间：10:00 | 堂食·路边自提·送货,41.2797506,69.1993923,/Users/g90/xiaohongshu_tandian_recovered/tandian_only/xhs_google_yandex_83/google_pages/31_seq99_塔什干_早餐_goodfood.md,Google有坐标待Yandex坐标复核,是,
小红书,105,塔什干 啵啵唇美女如云的餐吧oko,Oko,https://www.google.com/maps/search/Oko%20Tashkent%20Uzbekistan%20restaurant,Tashkent Uzbekistan oko bar restaurant,Oko,"152/1, Buyuk Ipak Yuli Road, 100000, Tashkent",41.3270300,69.3375740,/Users/g90/xiaohongshu_tandian_recovered/tandian_only/xhs_google_yandex_83/google_pages/32_seq105_啵啵唇美女如云的.md,用户补充地址+Google Maps已确认,是,用户补充 OKO 地址与 Google Maps 同名详情页一致。
小红书,108,塔什干 法餐Paul,Paul,https://www.google.com/maps/search/Paul%20Tashkent%20Uzbekistan%20restaurant,Paul Tashkent Uzbekistan,# Google 地图,,41.3233578,69.2827470,/Users/g90/xiaohongshu_tandian_recovered/tandian_only/xhs_google_yandex_83/google_pages/33_seq108_塔什干_法餐Paul.md,Google有坐标待Yandex坐标复核,否,Google页面有坐标但候选名未解析出具体地点名，需打开详情页确认
小红书,109,塔什干 茶沃奶茶,茶沃,https://www.google.com/maps/search/%E8%8C%B6%E6%B2%83%20Tashkent%20Uzbekistan%20restaurant,compass bubble tea Tashkent Uzbekistan,【CHAOMI】东方茶蜜 Bubble Tea,"4.9 (14) | 珍珠奶茶·D30 Shop, Seoul Street, 183 1st floor | 已结束营业 · 开始营业时间：11:00 | 堂食·路边自提·无接触配送",41.2985312,69.2444507,/Users/g90/xiaohongshu_tandian_recovered/tandian_only/xhs_google_yandex_83/google_pages/34_seq109_茶沃.md,Google有坐标待Yandex坐标复核,是,
小红书,110,塔什干 Dosan美女帅哥 云集的咖啡馆,Dosan,https://www.google.com/maps/search/Dosan%20Tashkent%20Uzbekistan%20restaurant,Dosan Dosan Tashkent Uzbekistan coffee shop,Cafe Dosan,"咖啡店·Tashkent City, Yakub Kolas Street 6",41.3039384,69.2704719,/Users/g90/Documents/Codex/2026-06-13/hermes/work/maps_reads_next/023_Dosan.md,Google Maps已确认,是,同名咖啡馆；另有 Dosan 2 显示停业，采用第一条营业候选。
小红书,111,塔什干 韩餐masil 无服务费 一人食友好,Masil,https://www.google.com/maps/search/Masil%20Tashkent%20Uzbekistan%20restaurant,masil masil Tashkent Uzbekistan Korean restaurant,# Google 地图,附近的餐馆 酒店 推荐活动 酒吧 咖啡馆 外带 便利店 |  |  | ,41.2925229,69.2721224,/Users/g90/xiaohongshu_tandian_recovered/tandian_only/xhs_google_yandex_83/google_pages/36_seq111_塔什干_韩餐masil_无服务费_一人食友好.md,Google有坐标待Yandex坐标复核,否,Google页面有坐标但候选名未解析出具体地点名，需打开详情页确认
小红书,117,塔什干 中国人爱吃 本地人喜欢的Jumanji,Jumanji,https://www.google.com/maps/search/Jumanji%20Tashkent%20Uzbekistan%20restaurant,Tashkent Uzbekistan Jumanji,# Google 地图,,41.2957003,69.2551665,/Users/g90/xiaohongshu_tandian_recovered/tandian_only/xhs_google_yandex_83/google_pages/37_seq117_中国人爱吃.md,Google有坐标待Yandex坐标复核,否,Google页面有坐标但候选名未解析出具体地点名，需打开详情页确认
小红书,120,塔什干 河岸小酒馆 Khan Chapan,Khan Chapan,https://www.google.com/maps/search/Khan%20Chapan%20Tashkent%20Uzbekistan%20restaurant,Khan Chapan Khan cha Уста-Алима тупик Tashkent Uzbekistan,# Google 地图,https://www.instagram.com/ https://www.instagram.com › khan.chapan | Tashkent (@khan.chapan) - Instagram | Log in · Open app · khan.chapan's profile picture. khan.chapan. Khan Chapan | Tashkent. 47.3K followers. 5 following. Central Asian Fusion Weekdays ...,41.3397795,69.2552786,/Users/g90/xiaohongshu_tandian_recovered/tandian_only/xhs_google_yandex_83/google_pages/38_seq120_Khan_Chapan.md,Google有坐标待Yandex坐标复核,否,Google页面有坐标但候选名未解析出具体地点名，需打开详情页确认
小红书,122,塔什干 搞点鲜族小咸菜吃吃,Ansan,https://www.google.com/maps/search/Ansan%20Tashkent%20Uzbekistan%20restaurant,T09 sessionId vertical hasMore false stopReason end of scroll horizontal hasMore false Tashkent Uzbekistan,# Google 地图,,41.2982211,69.2385223,/Users/g90/xiaohongshu_tandian_recovered/tandian_only/xhs_google_yandex_83/google_pages/39_seq122_搞点鲜族小咸菜吃吃.md,Google有坐标待Yandex坐标复核,否,Google页面有坐标但候选名未解析出具体地点名，需打开详情页确认
小红书,126,塔什干 百味餐厅 这地方太危险了,百味餐厅,https://www.google.com/maps/search/%E7%99%BE%E5%91%B3%E9%A4%90%E5%8E%85%20Tashkent%20Uzbekistan%20restaurant,Tashkent Uzbekistan restaurant,Yuzhanin,4.7 (689) | 餐馆·Turkiston ko'chasi 12a | 已结束营业 · 开始营业时间：11:00 | 堂食·外带,41.2915523,69.2837310,/Users/g90/xiaohongshu_tandian_recovered/tandian_only/xhs_google_yandex_83/google_pages/40_seq126_百味餐厅.md,Google有坐标待Yandex坐标复核,是,
小红书,129,塔什干 社畜下班后 吃喝玩乐路线,Bamboo Noodle House,https://www.google.com/maps/search/Bamboo%20Noodle%20House%20Tashkent%20Uzbekistan%20restaurant,Tashkent Uzbekistan,# Google 地图,,41.2982211,69.2385223,/Users/g90/xiaohongshu_tandian_recovered/tandian_only/xhs_google_yandex_83/google_pages/42_seq129_社畜下班后_吃喝玩乐路线.md,Google有坐标待Yandex坐标复核,否,Google页面有坐标但候选名未解析出具体地点名，需打开详情页确认
小红书,133,塔什干 Matcha奶茶🧋,Matcha,https://www.google.com/maps/search/Matcha%20Tashkent%20Uzbekistan%20restaurant,Matcha Matcha Tashkent Uzbekistan bubble tea,Matcha:,3.9 (12)·UZS 5-10万 | 咖啡馆·Lashkarbegi St | 已结束营业 · 开始营业时间：10:00,41.3205668,69.2941402,/Users/g90/xiaohongshu_tandian_recovered/tandian_only/xhs_google_yandex_83/google_pages/43_seq133_Matcha.md,Google有坐标待Yandex坐标复核,是,
小红书,138,塔什干 本地brunch,Benedict,https://www.google.com/maps/search/Benedict%20Tashkent%20Uzbekistan%20restaurant,brunch brunch Tashkent Uzbekistan,Benedict,4.1 (164)·UZS 10-35万 | 咖啡馆·Nukus ko'chasi 31/2 | 已结束营业 · 开始营业时间：08:00 | 堂食·送货,41.2931590,69.2811265,/Users/g90/xiaohongshu_tandian_recovered/tandian_only/xhs_google_yandex_83/google_pages/44_seq138_塔什干_本地brunch.md,Google有坐标待Yandex坐标复核,是,
小红书,139,塔什干 长沙饭店,长沙饭店,https://www.google.com/maps/search/%E9%95%BF%E6%B2%99%E9%A5%AD%E5%BA%97%20Tashkent%20Uzbekistan%20restaurant,Tashkent Uzbekistan restaurant,Yuzhanin,4.7 (689) | 餐馆·Turkiston ko'chasi 12a | 已结束营业 · 开始营业时间：11:00 | 堂食·外带,41.2915523,69.2837310,/Users/g90/xiaohongshu_tandian_recovered/tandian_only/xhs_google_yandex_83/google_pages/45_seq139_长沙饭店.md,Google有坐标待Yandex坐标复核,是,
小红书,144,塔什干 miso拌饭,Miso,https://www.google.com/maps/search/Miso%20Tashkent%20Uzbekistan%20restaurant,miso miso Tashkent Uzbekistan,MISO. RESTAURANT,"68PR+9PJ, Tashkent, Tashkent Region",41.2359529,69.3417662,/Users/g90/Documents/Codex/2026-06-13/hermes/work/maps_reads_next/033_Miso.md,Google Maps已确认,是,同名详情页；坐标来自第二批 Google Maps 读取页。
小红书,146,塔什干 韩式烤肉 9292,9292,https://www.google.com/maps/search/9292%20Tashkent%20Uzbekistan%20restaurant,T09 sessionId vertical hasMore false stopReason end of scroll horizontal hasMore false barbecue restaurant Tashkent Uzbekistan,Navvat Lounge Bar,4.0 (577)·UZS 5-25万 | 餐馆·Matbuotchilar ko'chasi 9 | 24 小时营业 | 堂食·外带·送货,41.3117309,69.2745830,/Users/g90/xiaohongshu_tandian_recovered/tandian_only/xhs_google_yandex_83/google_pages/50_seq146_韩式烤肉_9292.md,Google有坐标待Yandex坐标复核,是,
小红书,155,乌兹别克斯坦 泰尔梅兹 diplomat餐厅,Diplomat,https://www.google.com/maps/search/Diplomat%20Tashkent%20Uzbekistan%20restaurant,diplomat diplomat Tashkent Uzbekistan restaurant,Pro. Хинкали,4.8 (193)·UZS 20-50万 | 格鲁吉亚风味·улица Шота Руставели 22А/1 | 已结束营业 · 开始营业时间：09:00,41.2927206,69.2618430,/Users/g90/xiaohongshu_tandian_recovered/tandian_only/xhs_google_yandex_83/google_pages/55_seq155_乌兹别克斯坦_泰尔梅兹_diplomat.md,Google有坐标待Yandex坐标复核,是,
小红书,162,塔什干 唐朝饭店,唐朝饭店,https://www.google.com/maps/search/%E5%94%90%E6%9C%9D%E9%A5%AD%E5%BA%97%20Tashkent%20Uzbekistan%20restaurant,Tashkent Uzbekistan restaurant,Yuzhanin,4.7 (689) | 餐馆·Turkiston ko'chasi 12a | 已结束营业 · 开始营业时间：11:00 | 堂食·外带,41.2915523,69.2837310,/Users/g90/xiaohongshu_tandian_recovered/tandian_only/xhs_google_yandex_83/google_pages/56_seq162_唐朝饭店.md,Google有坐标待Yandex坐标复核,是,
小红书,168,在希瓦terrace餐厅的早c晚a,Terrace,https://www.google.com/maps/search/Terrace%20Tashkent%20Uzbekistan%20restaurant,terrace terrace Tashkent Uzbekistan restaurant,AZUR - Terrace Garden,4.6 (294) | 地中海风味··проезд Уста Алима 5 | 已结束营业 · 开始营业时间：12:00 | 堂食·外带·送货,41.3393297,69.2554769,/Users/g90/xiaohongshu_tandian_recovered/tandian_only/xhs_google_yandex_83/google_pages/57_seq168_在希瓦terrace.md,Google有坐标待Yandex坐标复核,是,
小红书,171,乌兹伴手礼 korzinka超市版,Korzinka,https://www.google.com/maps/search/Korzinka%20Tashkent%20Uzbekistan%20restaurant,korzinka korzinka Tashkent Uzbekistan supermarket,Korzinka - Fayzobod,4.3 (152) | 超市··Yangi Qo'yliq ko'chasi 2А | 24 小时营业·+998 78 140 14 14 | 送货,41.2564974,69.3196103,/Users/g90/xiaohongshu_tandian_recovered/tandian_only/xhs_google_yandex_83/google_pages/58_seq171_乌兹伴手礼_korzinka.md,Google有坐标待Yandex坐标复核,是,
小红书,173,塔什干 真正的韩餐厅Headri,Headri,https://www.google.com/maps/search/Headri%20Tashkent%20Uzbekistan%20restaurant,Headri Headri Tashkent Uzbekistan Korean restaurant,# Google 地图,附近的餐馆 酒店 推荐活动 酒吧 咖啡馆 外带 便利店 |  | 图层,41.2676375,69.2321406,/Users/g90/xiaohongshu_tandian_recovered/tandian_only/xhs_google_yandex_83/google_pages/59_seq173_Headri.md,Google有坐标待Yandex坐标复核,否,Google页面有坐标但候选名未解析出具体地点名，需打开详情页确认
小红书,177,塔什干 韩国🇰🇷超市 Ansan,Ansan,https://www.google.com/maps/search/Ansan%20Tashkent%20Uzbekistan%20restaurant,Tashkent Uzbekistan Ansan Korean restaurant,# Google 地图,附近 | 已有 17 人报告 | ,41.2788120,69.3044058,/Users/g90/xiaohongshu_tandian_recovered/tandian_only/xhs_google_yandex_83/google_pages/60_seq177_韩国_.md,Google有坐标待Yandex坐标复核,否,Google页面有坐标但候选名未解析出具体地点名，需打开详情页确认
小红书,178,塔什干 东方茶蜜,东方茶蜜,https://www.google.com/maps/search/%E4%B8%9C%E6%96%B9%E8%8C%B6%E8%9C%9C%20Tashkent%20Uzbekistan%20restaurant,Tashkent Uzbekistan tea cafe,flowers.milk tea,"4.9 (33)·UZS 1-50,000 | 咖啡馆·Ташкент, Мирзо-Улугбекский район, массив Буюк Ипак Йули, 15 | 已结束营业 · 开始营业时间：10:00 | 堂食·外带",41.3147034,69.2902717,/Users/g90/xiaohongshu_tandian_recovered/tandian_only/xhs_google_yandex_83/google_pages/61_seq178_东方茶蜜.md,Google有坐标待Yandex坐标复核,是,
小红书,179,塔什干 紫菜包饭 Kimpab,Kimpab,https://www.google.com/maps/search/Kimpab%20Tashkent%20Uzbekistan%20restaurant,Kimpab Kimpab Tashkent Uzbekistan,Kimpab,4.8 (16)·UZS 5-10万 | 咖啡馆·Bobur ko'chasi 174/18 | 已结束营业 · 开始营业时间：10:00 | 堂食·外带·送货,41.3018295,69.2457921,/Users/g90/xiaohongshu_tandian_recovered/tandian_only/xhs_google_yandex_83/google_pages/62_seq179_紫菜包饭_Kimpab.md,Google有坐标待Yandex坐标复核,是,
小红书,182,塔什干 土耳其早茶 Bosphorus,Bosphorus,https://www.google.com/maps/search/Bosphorus%20Tashkent%20Uzbekistan%20restaurant,Bosphorus Bosphorus Tashkent Uzbekistan tea cafe,Bosphorus Restaurant,4.2 (206)·UZS 10-40万 | 土耳其风味··Mahmud Tarobiy Street No:27 | 已结束营业 · 开始营业时间：09:00 | 堂食·外带·无接触配送,41.2842206,69.2573497,/Users/g90/xiaohongshu_tandian_recovered/tandian_only/xhs_google_yandex_83/google_pages/64_seq182_土耳其早茶_Bosphorus.md,Google有坐标待Yandex坐标复核,是,
小红书,195,塔什干 沈阳饺子馆,沈阳饺子馆,https://www.google.com/maps/search/%E6%B2%88%E9%98%B3%E9%A5%BA%E5%AD%90%E9%A6%86%20Tashkent%20Uzbekistan%20restaurant,Tashkent Uzbekistan,# Google 地图,,41.2982211,69.2385223,/Users/g90/xiaohongshu_tandian_recovered/tandian_only/xhs_google_yandex_83/google_pages/69_seq195_沈阳饺子馆.md,Google有坐标待Yandex坐标复核,否,Google页面有坐标但候选名未解析出具体地点名，需打开详情页确认
小红书,205,塔什干 希腊菜Nika🇬🇷 大衣保卫战,Nika,https://www.google.com/maps/search/Nika%20Tashkent%20Uzbekistan%20restaurant,Nika Nika Tashkent Uzbekistan,# Google 地图,Nika - Ресторан Греческой Кухни | 4.3 (196)·UZS 20-45万 | 餐馆·Botir Zokirov ko'chasi 7 | 已结束营业 · 开始营业时间：10:00·+998 90 787 00 30,41.3166056,69.2524797,/Users/g90/xiaohongshu_tandian_recovered/tandian_only/xhs_google_yandex_83/google_pages/71_seq205_希腊菜Nika_大衣保卫战.md,Google有坐标待Yandex坐标复核,否,Google页面有坐标但候选名未解析出具体地点名，需打开详情页确认
小红书,209,Borjomi 两招教你进人满拒客的餐厅,Borjomi,https://www.google.com/maps/search/Borjomi%20Tashkent%20Uzbekistan%20restaurant,Borjomi Borjomi Tashkent Uzbekistan restaurant,BOBOY Shevchenko,"4.7 (289)·UZS 15-40万 | 乌兹别克风味··Taras Shevchenko ko'chasi 38a | 24 小时营业 | ""Said的服务很不错，店很精致，还送了小水果""",41.2969259,69.2807353,/Users/g90/xiaohongshu_tandian_recovered/tandian_only/xhs_google_yandex_83/google_pages/72_seq209_Borjomi_两招教你进人满拒客的.md,Google有坐标待Yandex坐标复核,是,
小红书,224,塔什干 印度菜 Raaj Kapur,Raaj Kapur,https://www.google.com/maps/search/Raaj%20Kapur%20Tashkent%20Uzbekistan%20restaurant,Raaj Kapur T09 sessionId vertical hasMore false stopReason end of scroll horizontal hasMore false Tashkent Uzbekistan,# Google 地图,,41.3105277,69.2859821,/Users/g90/xiaohongshu_tandian_recovered/tandian_only/xhs_google_yandex_83/google_pages/75_seq224_塔什干_印度菜_Raaj_Kapur.md,Google有坐标待Yandex坐标复核,否,Google页面有坐标但候选名未解析出具体地点名，需打开详情页确认
小红书,236,塔什干 火到等位的土耳其餐masa,Masa,https://www.google.com/maps/search/Masa%20Tashkent%20Uzbekistan%20restaurant,masa masa Tashkent Uzbekistan,# Google 地图,,41.2873147,69.2551259,/Users/g90/xiaohongshu_tandian_recovered/tandian_only/xhs_google_yandex_83/google_pages/79_seq236_火到等位的土耳其餐masa.md,Google有坐标待Yandex坐标复核,否,Google页面有坐标但候选名未解析出具体地点名，需打开详情页确认
小红书,238,塔什干 首尔街boost cafe吃到他们停电,Boost Cafe,https://www.google.com/maps/search/Boost%20Cafe%20Tashkent%20Uzbekistan%20restaurant,boost cafe boost cafe Tashkent Uzbekistan,Boost Coffee,"76XW+8GP, Tashkent",,,/Users/g90/Documents/Codex/2026-06-13/hermes/work/maps_reads_next/049_Boost_Cafe.md,Google有文字候选无坐标,否,同名/近名详情页有地址和 Plus Code，但本次页面未给出可换算坐标。
小红书,240,塔什干 土耳其菜味道不会出错的ramiz,Ramiz,https://www.google.com/maps/search/Ramiz%20Tashkent%20Uzbekistan%20restaurant,ramiz ramiz Tashkent Uzbekistan,# Google 地图,附近的餐馆 酒店 推荐活动 酒吧 咖啡馆 外带 便利店,41.3158780,69.2478532,/Users/g90/xiaohongshu_tandian_recovered/tandian_only/xhs_google_yandex_83/google_pages/81_seq240_土耳其菜味道不会出错的ramiz.md,Google有坐标待Yandex坐标复核,否,Google页面有坐标但候选名未解析出具体地点名，需打开详情页确认
小红书,245,塔什干 奶茶🧋herotea,Hero Tea,https://www.google.com/maps/search/Hero%20Tea%20Tashkent%20Uzbekistan%20restaurant,herotea herotea Tashkent Uzbekistan bubble tea,Hero Tea,"Улица Баходира 69, Тоshkent",41.2991690,69.2472376,/Users/g90/Documents/Codex/2026-06-13/hermes/work/maps_reads_next/051_Hero_Tea.md,Google Maps已确认,是,同名详情页；地址和坐标来自第二批 Google Maps 读取页。
微信餐厅,湘聚缘·湘菜餐厅,湘聚缘·湘菜餐厅,湘聚缘·湘菜餐厅,https://www.google.com/maps/search/%E6%B9%98%E8%81%9A%E7%BC%98%C2%B7%E6%B9%98%E8%8F%9C%E9%A4%90%E5%8E%85%20Tashkent%20Uzbekistan%20restaurant,湘聚缘·湘菜餐厅 Tashkent Uzbekistan restaurant,湘聚缘,"高档餐饮·Tashkent, Temiryulchilar Str. 38",41.2836215,69.2796498,/Users/g90/Documents/Codex/2026-06-13/hermes/work/maps_reads/052_湘聚缘湘菜餐厅.md,Google Maps已确认,是,同名结果；地址和坐标来自 Google Maps 读取页。
微信餐厅,漫漫重庆大碗麻辣烫,漫漫重庆大碗麻辣烫,漫漫重庆大碗麻辣烫,https://www.google.com/maps/search/%E6%BC%AB%E6%BC%AB%E9%87%8D%E5%BA%86%E5%A4%A7%E7%A2%97%E9%BA%BB%E8%BE%A3%E7%83%AB%20Tashkent%20Uzbekistan%20restaurant,漫漫重庆大碗麻辣烫 Tashkent Uzbekistan restaurant,Kungfu Malatang,餐馆·Ulitsa Istiklol 7,41.3132606,69.2834973,/Users/g90/Documents/Codex/2026-06-13/hermes/work/maps_reads/053_漫漫重庆大碗麻辣烫.md,Google候选需核名,否,候选与“漫漫重庆大碗麻辣烫”不是同名，只能作为近似麻辣烫候选。
微信餐厅,yusuf兰州拉面,yusuf兰州拉面,yusuf兰州拉面,https://www.google.com/maps/search/yusuf%E5%85%B0%E5%B7%9E%E6%8B%89%E9%9D%A2%20Tashkent%20Uzbekistan%20restaurant,yusuf兰州拉面 Tashkent Uzbekistan restaurant,兰州拉面,"中国风味·78M3+5WC, Фарғона Йўли",41.2829348,69.3047555,/Users/g90/Documents/Codex/2026-06-13/hermes/work/maps_reads/054_yusuf兰州拉面.md,Google候选需核名,否,候选缺少 yusuf 字样，需核名。
微信餐厅,淮扬食府中餐厅,淮扬食府中餐厅,淮扬食府中餐厅,https://www.google.com/maps/search/%E6%B7%AE%E6%89%AC%E9%A3%9F%E5%BA%9C%E4%B8%AD%E9%A4%90%E5%8E%85%20Tashkent%20Uzbekistan%20restaurant,淮扬食府中餐厅 Tashkent Uzbekistan restaurant,,,,,/Users/g90/Documents/Codex/2026-06-13/hermes/work/maps_reads/055_淮扬食府中餐厅.md,Google无同名结果,否,未返回“淮扬食府中餐厅”同名或高度相关候选。
微信餐厅,LAGMAN HOUSE,LAGMAN HOUSE,LAGMAN HOUSE,https://www.google.com/maps/search/LAGMAN%20HOUSE%20Tashkent%20Uzbekistan%20restaurant,LAGMAN HOUSE Tashkent Uzbekistan restaurant,,,,,/Users/g90/Documents/Codex/2026-06-13/hermes/work/maps_reads/056_LAGMAN_HOUSE.md,Google无有效结果,否,页面未返回可用地点卡片。
微信餐厅,锅气火锅,锅气火锅,锅气火锅,https://www.google.com/maps/search/%E9%94%85%E6%B0%94%E7%81%AB%E9%94%85%20Tashkent%20Uzbekistan%20restaurant,锅气火锅 Tashkent Uzbekistan restaurant,重庆搞火锅Чунцинский самовар,中国风味·DOMDRABAD KO'CHASI,41.2568108,69.2043659,/Users/g90/Documents/Codex/2026-06-13/hermes/work/maps_reads/057_锅气火锅.md,Google候选需核名,否,另有 JIANG HU HUOGUO 煮江湖火锅；与“锅气火锅”不完全同名。
微信餐厅,锅气小碗菜,锅气小碗菜,锅气小碗菜,https://www.google.com/maps/search/%E9%94%85%E6%B0%94%E5%B0%8F%E7%A2%97%E8%8F%9C%20Tashkent%20Uzbekistan%20restaurant,锅气小碗菜 Tashkent Uzbekistan restaurant,,,,,/Users/g90/Documents/Codex/2026-06-13/hermes/work/maps_reads/058_锅气小碗菜.md,Google无同名结果,否,返回多条泛化餐厅/火锅结果，未见“锅气小碗菜”同名候选。
微信餐厅,幸福小馆,幸福小馆,幸福小馆,https://www.google.com/maps/search/%E5%B9%B8%E7%A6%8F%E5%B0%8F%E9%A6%86%20Tashkent%20Uzbekistan%20restaurant,幸福小馆 Tashkent Uzbekistan restaurant,,,,,/Users/g90/Documents/Codex/2026-06-13/hermes/work/maps_reads/059_幸福小馆.md,Google无同名结果,否,返回泛化餐厅列表，未见“幸福小馆”同名候选。
微信餐厅,重庆辣德佳火锅,重庆辣德佳火锅,重庆辣德佳火锅,https://www.google.com/maps/search/%E9%87%8D%E5%BA%86%E8%BE%A3%E5%BE%B7%E4%BD%B3%E7%81%AB%E9%94%85%20Tashkent%20Uzbekistan%20restaurant,重庆辣德佳火锅 Tashkent Uzbekistan restaurant,Xitoyning Chongqing Hotpoti,火锅·Arnasay ko'chasi 23,41.2752546,69.2245032,/Users/g90/Documents/Codex/2026-06-13/hermes/work/maps_reads/060_重庆辣德佳火锅.md,Google候选需核名,否,候选与“重庆辣德佳火锅”不是同名，只能作为重庆火锅近似候选。
微信餐厅,闽浙海鲜餐厅,闽浙海鲜餐厅,闽浙海鲜餐厅,https://www.google.com/maps/search/%E9%97%BD%E6%B5%99%E6%B5%B7%E9%B2%9C%E9%A4%90%E5%8E%85%20Tashkent%20Uzbekistan%20restaurant,闽浙海鲜餐厅 Tashkent Uzbekistan restaurant,浙江海鲜楼,"中国风味·Arnasay Street, 斯坦",41.2799293,69.2267713,/Users/g90/Documents/Codex/2026-06-13/hermes/work/maps_reads/061_闽浙海鲜餐厅.md,Google候选需核名,否,与“闽浙海鲜餐厅”接近但不是同名。
微信餐厅,塔什干遇湘食府,塔什干遇湘食府,塔什干遇湘食府,https://www.google.com/maps/search/%E5%A1%94%E4%BB%80%E5%B9%B2%E9%81%87%E6%B9%98%E9%A3%9F%E5%BA%9C%20Tashkent%20Uzbekistan%20restaurant,塔什干遇湘食府 Tashkent Uzbekistan restaurant,遇湘食府,"UZ Imam at-Termeziy ko'chasi 8, Тоshkent, Toshkent, 乌兹别克斯坦",41.2831119,69.2452873,/Users/g90/Documents/Codex/2026-06-13/hermes/work/maps_reads/062_塔什干遇湘食府.md,Google Maps已确认,是,同名详情页；地址和坐标来自 Google Maps 读取页。
微信餐厅,樽龍私厨,樽龍私厨,樽龍私厨,https://www.google.com/maps/search/%E6%A8%BD%E9%BE%8D%E7%A7%81%E5%8E%A8%20Tashkent%20Uzbekistan%20restaurant,樽龍私厨 Tashkent Uzbekistan restaurant,,,,,/Users/g90/Documents/Codex/2026-06-13/hermes/work/maps_reads/063_樽龍私厨.md,Google无同名结果,否,未返回“樽龍私厨”同名或高度相关候选。
微信餐厅,Saray新疆餐厅,Saray新疆餐厅,Saray新疆餐厅,https://www.google.com/maps/search/Saray%E6%96%B0%E7%96%86%E9%A4%90%E5%8E%85%20Tashkent%20Uzbekistan%20restaurant,Saray新疆餐厅 Tashkent Uzbekistan restaurant,saray uygur taomliri,中欧餐厅·furqat 15a,41.3096237,69.2430459,/Users/g90/Documents/Codex/2026-06-13/hermes/work/maps_reads/064_Saray新疆餐厅.md,Google候选需核名,否,Saray+Uyghur 语义接近新疆餐厅，但不是中文同名。
微信餐厅,一站式火锅外卖,一站式火锅外卖,一站式火锅外卖,https://www.google.com/maps/search/%E4%B8%80%E7%AB%99%E5%BC%8F%E7%81%AB%E9%94%85%E5%A4%96%E5%8D%96%20Tashkent%20Uzbekistan%20restaurant,一站式火锅外卖 Tashkent Uzbekistan restaurant,,,,,/Users/g90/Documents/Codex/2026-06-13/hermes/work/maps_reads/065_一站式火锅外卖.md,Google无同名结果,否,返回泛化餐厅/火锅结果，未见“一站式火锅外卖”同名候选。
微信餐厅,樱花餐厅-延边烤肉店,樱花餐厅-延边烤肉店,樱花餐厅-延边烤肉店,https://www.google.com/maps/search/%E6%A8%B1%E8%8A%B1%E9%A4%90%E5%8E%85-%E5%BB%B6%E8%BE%B9%E7%83%A4%E8%82%89%E5%BA%97%20Tashkent%20Uzbekistan%20restaurant,樱花餐厅-延边烤肉店 Tashkent Uzbekistan restaurant,Sakura BBQ,烧烤·Abdulla Kaxxar ko'chasi 48а,41.2753514,69.2633190,/Users/g90/Documents/Codex/2026-06-13/hermes/work/maps_reads/066_樱花餐厅-延边烤肉店.md,Google Maps已确认,是,Sakura 与樱花、BBQ 与烤肉对应，名称高度匹配。
微信餐厅,渝味山庄江湖菜,渝味山庄江湖菜,渝味山庄江湖菜,https://www.google.com/maps/search/%E6%B8%9D%E5%91%B3%E5%B1%B1%E5%BA%84%E6%B1%9F%E6%B9%96%E8%8F%9C%20Tashkent%20Uzbekistan%20restaurant,渝味山庄江湖菜 Tashkent Uzbekistan restaurant,,,,,/Users/g90/Documents/Codex/2026-06-13/hermes/work/maps_reads/067_渝味山庄江湖菜.md,Google无同名结果,否,未返回“渝味山庄江湖菜”同名候选。
微信餐厅,重庆小面,重庆小面,重庆小面,https://www.google.com/maps/search/%E9%87%8D%E5%BA%86%E5%B0%8F%E9%9D%A2%20Tashkent%20Uzbekistan%20restaurant,重庆小面 Tashkent Uzbekistan restaurant,China Arena Restaurant,中国风味；菜单主打餐饮：重庆小面,41.2863567,69.2716208,/Users/g90/Documents/Codex/2026-06-13/hermes/work/maps_reads/068_重庆小面.md,Google候选需核名,否,候选是菜单项匹配，不是店名同名。
微信餐厅,华人餐厅,华人餐厅,华人餐厅,https://www.google.com/maps/search/%E5%8D%8E%E4%BA%BA%E9%A4%90%E5%8E%85%20Tashkent%20Uzbekistan%20restaurant,华人餐厅 Tashkent Uzbekistan restaurant,华人餐厅,中国风味·8728+Q2Q,41.3019603,69.2649157,/Users/g90/Documents/Codex/2026-06-13/hermes/work/maps_reads/069_华人餐厅.md,Google Maps已确认,是,同名结果；坐标来自 Google Maps 读取页。
微信餐厅,疆来清真餐厅,疆来清真餐厅,疆来清真餐厅,https://www.google.com/maps/search/%E7%96%86%E6%9D%A5%E6%B8%85%E7%9C%9F%E9%A4%90%E5%8E%85%20Tashkent%20Uzbekistan%20restaurant,疆来清真餐厅 Tashkent Uzbekistan restaurant,疆来清真餐厅,"Tashkent, Mahmud Tarobiy ko'chasi, 100047",41.2863567,69.2591622,/Users/g90/Documents/Codex/2026-06-13/hermes/work/maps_reads/070_疆来清真餐厅.md,Google Maps已确认,是,同名详情页；地址和坐标来自 Google Maps 读取页。
微信餐厅,中国饭店,中国饭店,中国饭店,https://www.google.com/maps/search/%E4%B8%AD%E5%9B%BD%E9%A5%AD%E5%BA%97%20Tashkent%20Uzbekistan%20restaurant,中国饭店 Tashkent Uzbekistan restaurant,中国饭店,中国风味·77VQ+7PJ,41.2932131,69.2892665,/Users/g90/Documents/Codex/2026-06-13/hermes/work/maps_reads/071_中国饭店.md,Google Maps已确认,是,同名结果；坐标来自 Google Maps 读取页。
微信餐厅,温州饭店,温州饭店,温州饭店,https://www.google.com/maps/search/%E6%B8%A9%E5%B7%9E%E9%A5%AD%E5%BA%97%20Tashkent%20Uzbekistan%20restaurant,Wenzhou restaurant Uzbekistan,竹子广式点心,4.0 (125)·UZS 10-25万 | 中国风味·Taras Shevchenko ko'chasi 30 | 已结束营业 · 开始营业时间：11:00,41.2991027,69.2781482,/Users/g90/xiaohongshu_tandian_recovered/tandian_only/wechat_restaurants/google_all44_pages_rerun/01_温州饭店.md,Google候选需核名,是,
微信餐厅,sakura樱花烤肉自助餐厅,sakura樱花烤肉自助餐厅,sakura樱花烤肉自助餐厅,https://www.google.com/maps/search/sakura%E6%A8%B1%E8%8A%B1%E7%83%A4%E8%82%89%E8%87%AA%E5%8A%A9%E9%A4%90%E5%8E%85%20Tashkent%20Uzbekistan%20restaurant,Sakura barbecue buffet restaurant Uzbekistan,,有Google结果坐标但未解析到可读候选名称,41.2753514,69.2633190,/Users/g90/xiaohongshu_tandian_recovered/tandian_only/wechat_restaurants/google_all44_pages_rerun/02_sakura樱花烤肉自助餐厅.md,Google候选需核名,否,Google有坐标但缺候选名，需打开详情页确认
微信餐厅,东方红餐厅,东方红餐厅,东方红餐厅,https://www.google.com/maps/search/%E4%B8%9C%E6%96%B9%E7%BA%A2%E9%A4%90%E5%8E%85%20Tashkent%20Uzbekistan%20restaurant,Dongfanghong Chinese restaurant Uzbekistan,TURANDOT TASHKENT,4.5 (70) | 中国风味·улица Айбек 42 | 已结束营业 · 开始营业时间：12:00,41.2909575,69.2819059,/Users/g90/xiaohongshu_tandian_recovered/tandian_only/wechat_restaurants/google_all44_pages_rerun/03_东方红餐厅.md,Google候选需核名,是,
微信餐厅,中国烧烤,中国烧烤,中国烧烤,https://www.google.com/maps/search/%E4%B8%AD%E5%9B%BD%E7%83%A7%E7%83%A4%20Tashkent%20Uzbekistan%20restaurant,Chinese barbecue restaurant Uzbekistan,华人餐厅,4.8 (12) | 中国风味·8728+Q2Q,41.3019603,69.2649157,/Users/g90/xiaohongshu_tandian_recovered/tandian_only/wechat_restaurants/google_all44_pages_rerun/04_中国烧烤.md,Google候选需核名,是,
微信餐厅,念家湘湘菜馆,念家湘湘菜馆,念家湘湘菜馆,https://www.google.com/maps/search/%E5%BF%B5%E5%AE%B6%E6%B9%98%E6%B9%98%E8%8F%9C%E9%A6%86%20Tashkent%20Uzbekistan%20restaurant,Nianjiaxiang Hunan restaurant Uzbekistan,"Старое название Gulja xogo)Хого центр.дапанжи.лагман,ашлянфу...hot pot",4.3 (55)·UZS 10-15万 | 火锅·86XG+QC7 | 已结束营业 · 开始营业时间：11:00,41.3494374,69.2260522,/Users/g90/xiaohongshu_tandian_recovered/tandian_only/wechat_restaurants/google_all44_pages_rerun/05_念家湘湘菜馆.md,Google候选需核名,是,
微信餐厅,沙县小吃,沙县小吃,沙县小吃,https://www.google.com/maps/search/%E6%B2%99%E5%8E%BF%E5%B0%8F%E5%90%83%20Tashkent%20Uzbekistan%20restaurant,Shaxian snacks restaurant Uzbekistan,Khan Chapan,4.5 (808) | 乌兹别克风味··Usta Olim tupik 5 | 已结束营业 · 开始营业时间：12:00,41.3397795,69.2552786,/Users/g90/xiaohongshu_tandian_recovered/tandian_only/wechat_restaurants/google_all44_pages_rerun/07_沙县小吃.md,Google候选需核名,是,
微信餐厅,唐朝饭店,唐朝饭店,唐朝饭店,https://www.google.com/maps/search/%E5%94%90%E6%9C%9D%E9%A5%AD%E5%BA%97%20Tashkent%20Uzbekistan%20restaurant,Tang Dynasty Chinese restaurant Uzbekistan,TURANDOT TASHKENT,4.5 (70) | 中国风味·улица Айбек 42 | 已结束营业 · 开始营业时间：12:00,41.2909575,69.2819059,/Users/g90/xiaohongshu_tandian_recovered/tandian_only/wechat_restaurants/google_all44_pages_rerun/08_唐朝饭店.md,Google候选需核名,是,
微信餐厅,乌鲁木齐餐厅,乌鲁木齐餐厅,乌鲁木齐餐厅,https://www.google.com/maps/search/%E4%B9%8C%E9%B2%81%E6%9C%A8%E9%BD%90%E9%A4%90%E5%8E%85%20Tashkent%20Uzbekistan%20restaurant,Urumqi restaurant Uzbekistan,# Google 地图, | ,41.2240253,69.2220902,/Users/g90/xiaohongshu_tandian_recovered/tandian_only/wechat_restaurants/google_all44_pages_rerun/09_乌鲁木齐餐厅.md,Google候选需核名,否,Google页面有坐标但候选名未解析出具体地点名，需打开详情页确认
微信餐厅,Avenue中国串串,Avenue中国串串,Avenue中国串串,https://www.google.com/maps/search/Avenue%E4%B8%AD%E5%9B%BD%E4%B8%B2%E4%B8%B2%20Tashkent%20Uzbekistan%20restaurant,Avenue Chinese skewers hot pot Uzbekistan,# Google 地图,,41.2943981,69.2692203,/Users/g90/xiaohongshu_tandian_recovered/tandian_only/wechat_restaurants/google_all44_pages_rerun/10_Avenue中国串串.md,Google候选需核名,否,Google页面有坐标但候选名未解析出具体地点名，需打开详情页确认
微信餐厅,都来顺面馆,都来顺面馆,都来顺面馆,https://www.google.com/maps/search/%E9%83%BD%E6%9D%A5%E9%A1%BA%E9%9D%A2%E9%A6%86%20Tashkent%20Uzbekistan%20restaurant,Dulaishun noodle restaurant Uzbekistan,兰州拉面,"4.1 (166)·UZS 5-10万 | 中国风味·78M3+5WC, Фарғона Йўли | 已结束营业 · 开始营业时间：10:00",41.2829348,69.3047555,/Users/g90/xiaohongshu_tandian_recovered/tandian_only/wechat_restaurants/google_all44_pages_rerun/11_都来顺面馆.md,Google候选需核名,是,
微信餐厅,塔什干《忆湖湘》湘菜馆,塔什干《忆湖湘》湘菜馆,塔什干《忆湖湘》湘菜馆,https://www.google.com/maps/search/%E5%A1%94%E4%BB%80%E5%B9%B2%E3%80%8A%E5%BF%86%E6%B9%96%E6%B9%98%E3%80%8B%E6%B9%98%E8%8F%9C%E9%A6%86%20Tashkent%20Uzbekistan%20restaurant,Yihuxiang Hunan restaurant Tashkent,# Google 地图,Google结果数据含坐标；需按候选名称/地址核对是否对应原餐厅,41.2946032,69.2604407,/Users/g90/xiaohongshu_tandian_recovered/tandian_only/wechat_restaurants/google_all44_pages_rerun/12_塔什干_忆湖湘_湘菜馆.md,Google候选需核名,否,Google页面有坐标但候选名未解析出具体地点名，需打开详情页确认
微信餐厅,塔什干川蓉燚中餐厅,塔什干川蓉燚中餐厅,塔什干川蓉燚中餐厅,https://www.google.com/maps/search/%E5%A1%94%E4%BB%80%E5%B9%B2%E5%B7%9D%E8%93%89%E7%87%9A%E4%B8%AD%E9%A4%90%E5%8E%85%20Tashkent%20Uzbekistan%20restaurant,Chuanrongyi Chinese restaurant Tashkent,,,,,/Users/g90/Documents/Codex/2026-06-13/hermes/work/maps_reads_next/083_塔什干川蓉燚中餐厅.md,Google无有效结果,否,页面未返回可用地点卡片。
微信餐厅,中国四千年喇家拉面,中国四千年喇家拉面,中国四千年喇家拉面,https://www.google.com/maps/search/%E4%B8%AD%E5%9B%BD%E5%9B%9B%E5%8D%83%E5%B9%B4%E5%96%87%E5%AE%B6%E6%8B%89%E9%9D%A2%20Tashkent%20Uzbekistan%20restaurant,Chinese 4000 years Lajia noodles Uzbekistan,# Google 地图, | ,41.2714758,69.2088116,/Users/g90/xiaohongshu_tandian_recovered/tandian_only/wechat_restaurants/google_all44_pages_rerun/14_中国四千年喇家拉面.md,Google候选需核名,否,Google页面有坐标但候选名未解析出具体地点名，需打开详情页确认
微信餐厅,福建餐厅,福建餐厅,福建餐厅,https://www.google.com/maps/search/%E7%A6%8F%E5%BB%BA%E9%A4%90%E5%8E%85%20Tashkent%20Uzbekistan%20restaurant,Fujian Kitchen Chinese restaurant Uzbekistan,# Google 地图,天津饭店 | 4.0 (144)·UZS 10-35万 | 中国风味·Амир Темур шоҳ кўчаси,41.2964129,69.2859493,/Users/g90/xiaohongshu_tandian_recovered/tandian_only/wechat_restaurants/google_all44_pages_rerun/15_福建餐厅.md,Google候选需核名,否,Google页面有坐标但候选名未解析出具体地点名，需打开详情页确认
微信餐厅,友谊饭店,友谊饭店,友谊饭店,https://www.google.com/maps/search/%E5%8F%8B%E8%B0%8A%E9%A5%AD%E5%BA%97%20Tashkent%20Uzbekistan%20restaurant,Friendship Chinese restaurant Uzbekistan,中国饭店,4.2 (21)·UZS 20-25万 | 中国风味·77VQ+7PJ | 堂食·外带,41.2932131,69.2892665,/Users/g90/xiaohongshu_tandian_recovered/tandian_only/wechat_restaurants/google_all44_pages_rerun/16_友谊饭店.md,Google候选需核名,是,
微信餐厅,中乌饭店,中乌饭店,中乌饭店,https://www.google.com/maps/search/%E4%B8%AD%E4%B9%8C%E9%A5%AD%E5%BA%97%20Tashkent%20Uzbekistan%20restaurant,Zhongwu Chinese Uzbek restaurant Uzbekistan,华人餐厅,"4.8 (12) | 中国风味·8728+Q2Q | ""因為大家喜歡清淡餐食，所以這一餐大家很滿意""",41.3019603,69.2649157,/Users/g90/xiaohongshu_tandian_recovered/tandian_only/wechat_restaurants/google_all44_pages_rerun/17_中乌饭店.md,Google候选需核名,是,
微信餐厅,成都饭店,成都饭店,成都饭店,https://www.google.com/maps/search/%E6%88%90%E9%83%BD%E9%A5%AD%E5%BA%97%20Tashkent%20Uzbekistan%20restaurant,Chengdu restaurant Uzbekistan,TURANDOT TASHKENT,4.5 (70) | 中国风味·улица Айбек 42 | 已结束营业 · 开始营业时间：12:00,41.2909575,69.2819059,/Users/g90/xiaohongshu_tandian_recovered/tandian_only/wechat_restaurants/google_all44_pages_rerun/18_成都饭店.md,Google候选需核名,是,
微信餐厅,亲亲面馆,亲亲面馆,亲亲面馆,https://www.google.com/maps/search/%E4%BA%B2%E4%BA%B2%E9%9D%A2%E9%A6%86%20Tashkent%20Uzbekistan%20restaurant,Qinqin noodle restaurant Uzbekistan,兰州拉面,"4.1 (166)·UZS 5-10万 | 中国风味·78M3+5WC, Фарғона Йўли | 已结束营业 · 开始营业时间：10:00",41.2829348,69.3047555,/Users/g90/xiaohongshu_tandian_recovered/tandian_only/wechat_restaurants/google_all44_pages_rerun/19_亲亲面馆.md,Google候选需核名,是,
微信餐厅,川湘食府,川湘食府,川湘食府,https://www.google.com/maps/search/%E5%B7%9D%E6%B9%98%E9%A3%9F%E5%BA%9C%20Tashkent%20Uzbekistan%20restaurant,Chuanxiang Hunan Sichuan restaurant Uzbekistan,长安宴宾楼 | Shuan Hiang Shi Fu,"Sariko'l ko'chasi 2, 100005, Тоshkent",41.2793276,69.2852776,/Users/g90/Documents/Codex/2026-06-13/hermes/work/maps_reads_next/090_川湘食府.md,Google候选需核名,否,Shuan Hiang Shi Fu 与“川湘食府”疑似音译接近，但中文名不一致，需核名。
微信餐厅,百顺餐厅,百顺餐厅,百顺餐厅,https://www.google.com/maps/search/%E7%99%BE%E9%A1%BA%E9%A4%90%E5%8E%85%20Tashkent%20Uzbekistan%20restaurant,Baishun Chinese restaurant Uzbekistan,竹子广式点心,4.0 (125)·UZS 10-25万 | 中国风味·Taras Shevchenko ko'chasi 30 | 已结束营业 · 开始营业时间：11:00,41.2991027,69.2781482,/Users/g90/xiaohongshu_tandian_recovered/tandian_only/wechat_restaurants/google_all44_pages_rerun/22_百顺餐厅.md,Google候选需核名,是,
微信餐厅,长沙饭店,长沙饭店,长沙饭店,https://www.google.com/maps/search/%E9%95%BF%E6%B2%99%E9%A5%AD%E5%BA%97%20Tashkent%20Uzbekistan%20restaurant,Changsha Chinese restaurant Uzbekistan,# Google 地图, | ,41.3001177,69.2623288,/Users/g90/xiaohongshu_tandian_recovered/tandian_only/wechat_restaurants/google_all44_pages_rerun/23_长沙饭店.md,Google候选需核名,否,Google页面有坐标但候选名未解析出具体地点名，需打开详情页确认
微信餐厅,长安巷·融合菜,长安巷·融合菜,长安巷·融合菜,https://www.google.com/maps/search/%E9%95%BF%E5%AE%89%E5%B7%B7%C2%B7%E8%9E%8D%E5%90%88%E8%8F%9C%20Tashkent%20Uzbekistan%20restaurant,Changanxiang fusion restaurant Uzbekistan,GAO GAO,"4.8 (20)·UZS 35-40万 | 餐馆·Groundzero Sharq, Ташкент, Яшнабадский район, 1-й тупик 2-го проезда улицы Пахлавана Махмуда, 31 | 已结束营业 · 开始营业时间：14:00",41.3010119,69.3060292,/Users/g90/xiaohongshu_tandian_recovered/tandian_only/wechat_restaurants/google_all44_pages_rerun/24_长安巷_融合菜.md,Google候选需核名,是,
微信餐厅,成都蜀味汤火锅,成都蜀味汤火锅,成都蜀味汤火锅,https://www.google.com/maps/search/%E6%88%90%E9%83%BD%E8%9C%80%E5%91%B3%E6%B1%A4%E7%81%AB%E9%94%85%20Tashkent%20Uzbekistan%20restaurant,Chengdu Shuweitang hot pot Uzbekistan,# Google 地图, | ,41.2752546,69.2245032,/Users/g90/xiaohongshu_tandian_recovered/tandian_only/wechat_restaurants/google_all44_pages_rerun/25_成都蜀味汤火锅.md,Google候选需核名,否,Google页面有坐标但候选名未解析出具体地点名，需打开详情页确认
微信餐厅,爱斯塔Asta音乐餐厅 韩国街店,爱斯塔Asta音乐餐厅 韩国街店,爱斯塔Asta音乐餐厅 韩国街店,https://www.google.com/maps/search/%E7%88%B1%E6%96%AF%E5%A1%94Asta%E9%9F%B3%E4%B9%90%E9%A4%90%E5%8E%85%20%E9%9F%A9%E5%9B%BD%E8%A1%97%E5%BA%97%20Tashkent%20Uzbekistan%20restaurant,Asta music restaurant Korean street Tashkent,한식당 ALFA & bakery,"4.8 (142)·UZS 10-15万 | 韩国风味··8th of March Street, 90 | 已结束营业 · 开始营业时间：10:00",41.2817469,69.2958412,/Users/g90/xiaohongshu_tandian_recovered/tandian_only/wechat_restaurants/google_all44_pages_rerun/28_爱斯塔Asta音乐餐厅_韩国街店.md,Google候选需核名,是,
微信餐厅,西南川菜馆,西南川菜馆,西南川菜馆,https://www.google.com/maps/search/%E8%A5%BF%E5%8D%97%E5%B7%9D%E8%8F%9C%E9%A6%86%20Tashkent%20Uzbekistan%20restaurant,Southwest Sichuan restaurant Uzbekistan,China chuan chuan,3.9 (26) | 火锅·Mirobod ko'chasi 9а | 堂食·外带,41.2943981,69.2692203,/Users/g90/xiaohongshu_tandian_recovered/tandian_only/wechat_restaurants/google_all44_pages_rerun/29_西南川菜馆.md,Google候选需核名,是,
微信餐厅,百味餐厅,百味餐厅,百味餐厅,https://www.google.com/maps/search/%E7%99%BE%E5%91%B3%E9%A4%90%E5%8E%85%20Tashkent%20Uzbekistan%20restaurant,Baiwei Chinese restaurant Uzbekistan,竹子广式点心,4.0 (125)·UZS 10-25万 | 中国风味·Taras Shevchenko ko'chasi 30 | 已结束营业 · 开始营业时间：11:00,41.2991027,69.2781482,/Users/g90/xiaohongshu_tandian_recovered/tandian_only/wechat_restaurants/google_all44_pages_rerun/30_百味餐厅.md,Google候选需核名,是,
微信餐厅,来福餐厅,来福餐厅,来福餐厅,https://www.google.com/maps/search/%E6%9D%A5%E7%A6%8F%E9%A4%90%E5%8E%85%20Tashkent%20Uzbekistan%20restaurant,Laifu Chinese restaurant Uzbekistan,,,,,/Users/g90/Documents/Codex/2026-06-13/hermes/work/maps_reads_next/098_来福餐厅.md,Google无同名结果,否,返回泛化餐厅列表，未见“来福餐厅”同名候选。
微信餐厅,VINO GALAXY 酒水管家,VINO GALAXY 酒水管家,VINO GALAXY 酒水管家,https://www.google.com/maps/search/VINO%20GALAXY%20%E9%85%92%E6%B0%B4%E7%AE%A1%E5%AE%B6%20Tashkent%20Uzbekistan%20restaurant,VINO GALAXY Tashkent,Brooklyn vino vodka,"4.2 (11) | 酒类商店·Госпитальный рынок, Avliyoota Street 2 | 24 小时营业·+998 78 555 79 79",41.2922758,69.2754095,/Users/g90/xiaohongshu_tandian_recovered/tandian_only/wechat_restaurants/google_all44_pages_rerun/32_VINO_GALAXY_酒水管家.md,单源参考(Google),是,
微信餐厅,包子客牛肉汤包,包子客牛肉汤包,包子客牛肉汤包,https://www.google.com/maps/search/%E5%8C%85%E5%AD%90%E5%AE%A2%E7%89%9B%E8%82%89%E6%B1%A4%E5%8C%85%20Tashkent%20Uzbekistan%20restaurant,Baozike beef soup dumplings restaurant Uzbekistan,BOBOY Shevchenko,4.7 (289)·UZS 15-40万 | 乌兹别克风味··Taras Shevchenko ko'chasi 38a | 24 小时营业,41.2969259,69.2807353,/Users/g90/xiaohongshu_tandian_recovered/tandian_only/wechat_restaurants/google_all44_pages_rerun/33_包子客牛肉汤包.md,Google候选需核名,是,
微信餐厅,永福餐厅,永福餐厅,永福餐厅,https://www.google.com/maps/search/%E6%B0%B8%E7%A6%8F%E9%A4%90%E5%8E%85%20Tashkent%20Uzbekistan%20restaurant,Yongfu Chinese restaurant Uzbekistan,# Google 地图,,41.3270480,69.3164364,/Users/g90/xiaohongshu_tandian_recovered/tandian_only/wechat_restaurants/google_all44_pages_rerun/34_永福餐厅.md,Google候选需核名,否,Google页面有坐标但候选名未解析出具体地点名，需打开详情页确认
微信餐厅,川渝私房菜（东方明珠酒店）,川渝私房菜（东方明珠酒店）,川渝私房菜（东方明珠酒店）,https://www.google.com/maps/search/%E5%B7%9D%E6%B8%9D%E7%A7%81%E6%88%BF%E8%8F%9C%EF%BC%88%E4%B8%9C%E6%96%B9%E6%98%8E%E7%8F%A0%E9%85%92%E5%BA%97%EF%BC%89%20Tashkent%20Uzbekistan%20restaurant,Sichuan Chongqing private kitchen Oriental Pearl Hotel Tashkent,,,,,/Users/g90/Documents/Codex/2026-06-13/hermes/work/maps_reads_next/102_川渝私房菜（东方明珠酒店）.md,Google无同名结果,否,返回中餐/酒店泛化结果，未见“川渝私房菜（东方明珠酒店）”同名候选。
微信餐厅,土窑烧烤,土窑烧烤,土窑烧烤,https://www.google.com/maps/search/%E5%9C%9F%E7%AA%91%E7%83%A7%E7%83%A4%20Tashkent%20Uzbekistan%20restaurant,Tuyao barbecue restaurant Uzbekistan,9292 Korean BBQ,4.1 (130)·UZS 5-30万 | 韩国风味烧烤·Oybek ko'chasi 40 | 已结束营业 · 开始营业时间：11:00,41.2911350,69.2811659,/Users/g90/xiaohongshu_tandian_recovered/tandian_only/wechat_restaurants/google_all44_pages_rerun/36_土窑烧烤.md,Google候选需核名,是,
微信餐厅,万记川湘菜,万记川湘菜,万记川湘菜,https://www.google.com/maps/search/%E4%B8%87%E8%AE%B0%E5%B7%9D%E6%B9%98%E8%8F%9C%20Tashkent%20Uzbekistan%20restaurant,Wanji Sichuan Hunan restaurant Uzbekistan,Dunganskaya Kukhnya,4.5 (18)·UZS 5-10万 | 中国风味·Kumarik ko'chasi 9 | 已结束营业 · 开始营业时间：11:00,41.2557656,69.2502038,/Users/g90/xiaohongshu_tandian_recovered/tandian_only/wechat_restaurants/google_all44_pages_rerun/37_万记川湘菜.md,Google候选需核名,是,
微信餐厅,阿尔马雷克市好运中餐厅,阿尔马雷克市好运中餐厅,阿尔马雷克市好运中餐厅,https://www.google.com/maps/search/%E9%98%BF%E5%B0%94%E9%A9%AC%E9%9B%B7%E5%85%8B%E5%B8%82%E5%A5%BD%E8%BF%90%E4%B8%AD%E9%A4%90%E5%8E%85%20Tashkent%20Uzbekistan%20restaurant,Good Luck Chinese restaurant Almalyk Uzbekistan,Chicken Asian Food,4.0 (30)·UZS 5-10万 | 适合家庭聚会·Ulitsa Furkata | 已结束营业 · 开始营业时间：09:00,40.8526981,69.5987585,/Users/g90/xiaohongshu_tandian_recovered/tandian_only/wechat_restaurants/google_all44_pages_rerun/38_阿尔马雷克市好运中餐厅.md,Google候选需核名,是,
微信餐厅,长安大饭店,长安大饭店,长安大饭店,https://www.google.com/maps/search/%E9%95%BF%E5%AE%89%E5%A4%A7%E9%A5%AD%E5%BA%97%20Tashkent%20Uzbekistan%20restaurant,Changan Chinese restaurant Uzbekistan,# Google 地图,,39.6824658,66.9254523,/Users/g90/xiaohongshu_tandian_recovered/tandian_only/wechat_restaurants/google_all44_pages_rerun/40_长安大饭店.md,Google候选需核名,否,Google页面有坐标但候选名未解析出具体地点名，需打开详情页确认
微信餐厅,CBF撒马尔罕中餐厅,CBF撒马尔罕中餐厅,CBF撒马尔罕中餐厅,https://www.google.com/maps/search/CBF%E6%92%92%E9%A9%AC%E5%B0%94%E7%BD%95%E4%B8%AD%E9%A4%90%E5%8E%85%20Tashkent%20Uzbekistan%20restaurant,CBF Chinese restaurant Samarkand Uzbekistan,# Google 地图,,39.6432517,66.9572430,/Users/g90/xiaohongshu_tandian_recovered/tandian_only/wechat_restaurants/google_all44_pages_rerun/41_CBF撒马尔罕中餐厅.md,Google候选需核名,否,Google页面有坐标但候选名未解析出具体地点名，需打开详情页确认
微信餐厅,撒马尔罕新疆风味餐厅,撒马尔罕新疆风味餐厅,撒马尔罕新疆风味餐厅,https://www.google.com/maps/search/%E6%92%92%E9%A9%AC%E5%B0%94%E7%BD%95%E6%96%B0%E7%96%86%E9%A3%8E%E5%91%B3%E9%A4%90%E5%8E%85%20Tashkent%20Uzbekistan%20restaurant,Xinjiang restaurant Samarkand Uzbekistan,,,,,/Users/g90/Documents/Codex/2026-06-13/hermes/work/maps_reads_next/108_撒马尔罕新疆风味餐厅.md,Google无同名结果,否,返回 Tashkent 泛化餐厅列表，未见撒马尔罕新疆风味餐厅同名候选。
微信餐厅,布哈拉新疆餐厅,布哈拉新疆餐厅,布哈拉新疆餐厅,https://www.google.com/maps/search/%E5%B8%83%E5%93%88%E6%8B%89%E6%96%B0%E7%96%86%E9%A4%90%E5%8E%85%20Tashkent%20Uzbekistan%20restaurant,Xinjiang restaurant Bukhara Uzbekistan,Zaytoon,4.8 (510)·UZS 10-40万 | 餐馆·Zulfiya Street 11 | 已结束营业 · 开始营业时间：11:00,39.7610936,64.4368280,/Users/g90/xiaohongshu_tandian_recovered/tandian_only/wechat_restaurants/google_all44_pages_rerun/43_布哈拉新疆餐厅.md,Google候选需核名,是,
微信餐厅,安集延国际酒店中餐厅（川湘菜）,安集延国际酒店中餐厅（川湘菜）,安集延国际酒店中餐厅（川湘菜）,https://www.google.com/maps/search/%E5%AE%89%E9%9B%86%E5%BB%B6%E5%9B%BD%E9%99%85%E9%85%92%E5%BA%97%E4%B8%AD%E9%A4%90%E5%8E%85%EF%BC%88%E5%B7%9D%E6%B9%98%E8%8F%9C%EF%BC%89%20Tashkent%20Uzbekistan%20restaurant,Andijan International Hotel Chinese restaurant Andijan Uzbekistan,# Google 地图,https://www.agoda.com/ https://www.agoda.com › hotel › andizhan-uz | 安集延国际酒店(Andijon international hotel) - Agoda.com | 安集延国际酒店是一家位于乌兹别克斯坦安集延市的优质三星酒店，为旅客提供温馨且便利的住宿环境。酒店的入住时间为中午12点以后，确保您在抵达后可以轻松办理入住手续，开始 ...,40.7821408,72.3311694,/Users/g90/xiaohongshu_tandian_recovered/tandian_only/wechat_restaurants/google_all44_pages_rerun/44_安集延国际酒店中餐厅_川湘菜_.md,Google候选需核名,否,Google页面有坐标但候选名未解析出具体地点名，需打开详情页确认
