来源,序号/名称,标题/名称,提取餐厅/地点名,餐饮标签,整理状态,Google搜索状态,最终纬度,最终经度,Google候选名,Google候选详情/地址,备注,Google Maps查询URL,Google页面文件,作者小红书号,账号名字,作者主页链接,原帖链接,地址线索,原帖证据
小红书,4,塔什干｜乌兹庭院民族风餐厅JIGARIM,JIGARIM,乌兹别克斯坦本地菜,待用户自行确认,Google有坐标待Yandex坐标复核,,,# Google 地图, |  | 附近 | 发送到手机,未在地图上获取有效位置坐标，用户搜索时，需要自行确认,https://www.google.com/maps/search/JIGARIM%20Tashkent%20Uzbekistan%20restaurant,/Users/g90/xiaohongshu_tandian_recovered/tandian_only/xhs_google_yandex_83/google_pages/01_seq4_JIGARIM.md,5995009986,未提取到,https://www.xiaohongshu.com/user/profile/6535e4340000000004008040,https://www.xiaohongshu.com/user/profile/6535e4340000000004008040/6a2450f900000000080314b7?xsec_token=AB7bG790pzJhiT1qeixtwKfpgx_PrHbfADpRHybSnt5RM=&xsec_source=pc_user,,"塔什干｜乌兹庭院民族风餐厅JIGARIM | JIGARIM | JIGARIM, Tashkent, Uzbekistan | JIGARIM Tashkent Uzbekistan"
小红书,7,塔什干｜乌兹民族菜 Shesh Besh,Shesh Besh,乌兹别克斯坦本地菜,待用户自行确认,Google有坐标待Yandex坐标复核,,,# Google 地图,"https://www.instagram.com/ https://www.instagram.com › DXy-xscIUWR | если у вас в Ташкенте один день, то обязательно советую .. | Но оно того стоит. Наконец-то долгожданное летнее меню в Shesh Besh! ... One day in the life of a content maker in Tashkent. In the morning we ...",未在地图上获取有效位置坐标，用户搜索时，需要自行确认,https://www.google.com/maps/search/Shesh%20Besh%20Tashkent%20Uzbekistan%20restaurant,/Users/g90/xiaohongshu_tandian_recovered/tandian_only/xhs_google_yandex_83/google_pages/03_seq7_Shesh_Besh.md,5995009986,未提取到,https://www.xiaohongshu.com/user/profile/6535e4340000000004008040,https://www.xiaohongshu.com/user/profile/6535e4340000000004008040/6a1b03e40000000006037703?xsec_token=AB1gQJ9U5Xz241Syy3WHNn1UChLR_sCcrkuF06LIegky8=&xsec_source=pc_user,,"塔什干｜乌兹民族菜 Shesh Besh | Shesh Besh | Shesh Besh, Tashkent, Uzbekistan | Shesh Besh Tashkent Uzbekistan"
小红书,56,塔什干 友谊餐厅,友谊餐厅,中餐,待用户自行确认,Google有坐标待Yandex坐标复核,,,Yuzhanin,4.7 (689) | 餐馆·Turkiston ko'chasi 12a | 已结束营业 · 开始营业时间：11:00 | 堂食·外带,未在地图上获取有效位置坐标，用户搜索时，需要自行确认,https://www.google.com/maps/search/%E5%8F%8B%E8%B0%8A%E9%A4%90%E5%8E%85%20Tashkent%20Uzbekistan%20restaurant,/Users/g90/xiaohongshu_tandian_recovered/tandian_only/xhs_google_yandex_83/google_pages/13_seq56_友谊餐厅.md,5995009986,未提取到,https://www.xiaohongshu.com/user/profile/6535e4340000000004008040,https://www.xiaohongshu.com/user/profile/6535e4340000000004008040/68d804970000000011017996?xsec_token=ABZ_ebEF1X87uey1wohi6lzS29PbA-KWp6Q4VlD_jf8Xg=&xsec_source=pc_user,,"塔什干 友谊餐厅 | 友谊餐厅 | 友谊餐厅, Tashkent, Uzbekistan | 友谊餐厅 Tashkent Uzbekistan"
小红书,57,塔什干 index市场里的福建菜,Index market,中餐,待用户自行确认,Google有坐标待Yandex坐标复核,,,Tashkent Index,4.5 (239) | 展览贸易中心··662Q+52W | 已结束营业 · 开始营业时间：09:00· +998 99 332 33 33,未在地图上获取有效位置坐标，用户搜索时，需要自行确认,https://www.google.com/maps/search/Index%20market%20Tashkent%20Uzbekistan%20restaurant,/Users/g90/xiaohongshu_tandian_recovered/tandian_only/xhs_google_yandex_83/google_pages/14_seq57_index.md,5995009986,未提取到,https://www.xiaohongshu.com/user/profile/6535e4340000000004008040,https://www.xiaohongshu.com/user/profile/6535e4340000000004008040/68d8069d000000000e023ae7?xsec_token=ABZ_ebEF1X87uey1wohi6lzUNz1CSfxOh_Nt1u52FnIBQ=&xsec_source=pc_user,in,"塔什干 index市场里的福建菜 | index | in | in, Tashkent, Uzbekistan | index Tashkent Uzbekistan"
小红书,59,塔什干 西西里餐厅 Sorrento,Sorrento,西餐,待用户自行确认,Google有坐标待Yandex坐标复核,,,# Google 地图,,未在地图上获取有效位置坐标，用户搜索时，需要自行确认,https://www.google.com/maps/search/Sorrento%20Tashkent%20Uzbekistan%20restaurant,/Users/g90/xiaohongshu_tandian_recovered/tandian_only/xhs_google_yandex_83/google_pages/15_seq59_Sorrento.md,5995009986,未提取到,https://www.xiaohongshu.com/user/profile/6535e4340000000004008040,https://www.xiaohongshu.com/user/profile/6535e4340000000004008040/68d3cb7b000000001101e4cb?xsec_token=ABPRZvtIgOa6726tXskaPcfjOK3Nnza37XZycIxg3F6q8=&xsec_source=pc_user,"[2026-06-11T08:47:51.055Z] sessionId=323382793222356993 vertical={""hasMore"":false,""stopReason"":""end_of_scroll""} horizontal={""hasMore"":false}","塔什干 西西里餐厅 Sorrento | Sorrento | [2026-06-11T08:47:51.055Z] sessionId=323382793222356993 vertical={""hasMore"":false,""stopReason"":""end_of_scroll""} horizontal={""hasMore"":false} | [2026-06-11T08:47:51.055Z] sessionId=323382793222356993 vertical={""hasMore"":false,""stopReason"":""end_of_scroll""} horizontal={""hasMore"":false}, Tashkent, Uzbekistan | Sorrento Tashkent Uzbekistan"
小红书,64,塔什干 kfc的穷鬼套餐,KFC,其他,待用户自行确认,Google有坐标待Yandex坐标复核,,,KFC,3.3 (58)·UZS 5-10万 | 快餐·Улица Баходира 1 | 24 小时营业·+998 78 129 70 00 | 堂食·外带·送货,未在地图上获取有效位置坐标，用户搜索时，需要自行确认,https://www.google.com/maps/search/KFC%20Tashkent%20Uzbekistan%20restaurant,/Users/g90/xiaohongshu_tandian_recovered/tandian_only/xhs_google_yandex_83/google_pages/16_seq64_kfc的穷鬼套餐.md,5995009986,未提取到,https://www.xiaohongshu.com/user/profile/6535e4340000000004008040,https://www.xiaohongshu.com/user/profile/6535e4340000000004008040/68b69f01000000001c0047f7?xsec_token=ABCS10RLzFwMOcSw7GU7fVcranWF3HOy5r8Crt7ZhhW4Y=&xsec_source=pc_user,,"塔什干 kfc的穷鬼套餐 | kfc的穷鬼套餐 | kfc的穷鬼套餐, Tashkent, Uzbekistan | kfc的穷鬼套餐 Tashkent Uzbekistan"
小红书,71,塔什干 最红的syrovarnya 吃嗨了,Syrovarnya,西餐,待用户自行确认,Google有坐标待Yandex坐标复核,,,# Google 地图,,未在地图上获取有效位置坐标，用户搜索时，需要自行确认,https://www.google.com/maps/search/Syrovarnya%20Tashkent%20Uzbekistan%20restaurant,/Users/g90/xiaohongshu_tandian_recovered/tandian_only/xhs_google_yandex_83/google_pages/19_seq71_最红的syrovarnya_吃嗨了.md,5995009986,未提取到,https://www.xiaohongshu.com/user/profile/6535e4340000000004008040,https://www.xiaohongshu.com/user/profile/6535e4340000000004008040/689f669c000000001b0227cb?xsec_token=ABlNKGmgi48Ua0an1nOYHPzz6oJbLyJlJKJr2Fz_kz68g=&xsec_source=pc_user,,"塔什干 最红的syrovarnya 吃嗨了 | 最红的syrovarnya 吃嗨了 | 最红的syrovarnya 吃嗨了, Tashkent, Uzbekistan | 最红的syrovarnya 吃嗨了 Tashkent Uzbekistan"
小红书,78,塔什干 kitana 300w吃了个寂寞,Kitana,其他,待用户自行确认,Google有坐标待Yandex坐标复核,,,# Google 地图,,未在地图上获取有效位置坐标，用户搜索时，需要自行确认,https://www.google.com/maps/search/Kitana%20Tashkent%20Uzbekistan%20restaurant,/Users/g90/xiaohongshu_tandian_recovered/tandian_only/xhs_google_yandex_83/google_pages/22_seq78_kitana.md,5995009986,未提取到,https://www.xiaohongshu.com/user/profile/6535e4340000000004008040,https://www.xiaohongshu.com/user/profile/6535e4340000000004008040/688f983f00000000230270f3?xsec_token=AB6GkZYJIf4WrpvczFiySF9pvGVyfZlX79fWiAs77gM1c=&xsec_source=pc_user,,"塔什干 kitana 300w吃了个寂寞 | kitana | kitana, Tashkent, Uzbekistan | kitana Tashkent Uzbekistan"
小红书,84,塔什干 index市场里的本地菜 doda,Doda,乌兹别克斯坦本地菜,待用户自行确认,Google有坐标待Yandex坐标复核,,,# Google 地图,,未在地图上获取有效位置坐标，用户搜索时，需要自行确认,https://www.google.com/maps/search/Doda%20Tashkent%20Uzbekistan%20restaurant,/Users/g90/xiaohongshu_tandian_recovered/tandian_only/xhs_google_yandex_83/google_pages/26_seq84_doda.md,5995009986,未提取到,https://www.xiaohongshu.com/user/profile/6535e4340000000004008040,https://www.xiaohongshu.com/user/profile/6535e4340000000004008040/68820034000000002201d5bc?xsec_token=ABmijfJ1xGTnOo8S266lIbXIzPt1t9vgAs57QO9QmihmM=&xsec_source=pc_user,搜index doda,"塔什干 index市场里的本地菜 doda | doda | 搜index doda | 搜index doda, Tashkent, Uzbekistan | doda Tashkent Uzbekistan"
小红书,85,塔什干 光盘每一餐的店 湘疆缘,湘疆缘,中餐,待用户自行确认,Google有坐标待Yandex坐标复核,,,Yapartner,"2.8 (207) | 出租车公司··Ташкент, Чиланзарский район квартал 6, 22 | +998 97 720 78 89 | 门店服务",未在地图上获取有效位置坐标，用户搜索时，需要自行确认,https://www.google.com/maps/search/%E6%B9%98%E7%96%86%E7%BC%98%20Tashkent%20Uzbekistan%20restaurant,/Users/g90/xiaohongshu_tandian_recovered/tandian_only/xhs_google_yandex_83/google_pages/27_seq85_湘疆缘.md,5995009986,未提取到,https://www.xiaohongshu.com/user/profile/6535e4340000000004008040,https://www.xiaohongshu.com/user/profile/6535e4340000000004008040/687e1744000000002400ba23?xsec_token=ABnYAlvJlM5MzvB5gy_AYydmEcBMf-PC1GWK99Kwop-2w=&xsec_source=pc_user,Yan,"塔什干 光盘每一餐的店 湘疆缘 | 湘疆缘 | Yan | Yan, Tashkent, Uzbekistan | 湘疆缘 Tashkent Uzbekistan"
小红书,90,塔什干 棒约翰披萨🍕,Papa Johns,西餐,待用户自行确认,Google有坐标待Yandex坐标复核,,,# Google 地图,,未在地图上获取有效位置坐标，用户搜索时，需要自行确认,https://www.google.com/maps/search/Papa%20Johns%20Tashkent%20Uzbekistan%20restaurant,/Users/g90/xiaohongshu_tandian_recovered/tandian_only/xhs_google_yandex_83/google_pages/28_seq90_塔什干_棒约翰披萨_.md,5995009986,未提取到,https://www.xiaohongshu.com/user/profile/6535e4340000000004008040,https://www.xiaohongshu.com/user/profile/6535e4340000000004008040/687202d60000000022032041?xsec_token=ABJkGG-gOSy9C-HsS_uB2zsqlLO93uktUfRTz3E4bxc5I=&xsec_source=pc_user,,"塔什干 棒约翰披萨🍕 | 塔什干 棒约翰披萨🍕, Tashkent, Uzbekistan | 塔什干 棒约翰披萨🍕 Tashkent Uzbekistan"
小红书,93,塔什干 高加索菜 Южанин,Южанин,其他,待用户自行确认,Google有坐标待Yandex坐标复核,,,# Google 地图,订座 [23] | familygarden.su [23] | 菜单 [24] | familygarden.su [24],未在地图上获取有效位置坐标，用户搜索时，需要自行确认,https://www.google.com/maps/search/%D0%AE%D0%B6%D0%B0%D0%BD%D0%B8%D0%BD%20Tashkent%20Uzbekistan%20restaurant,/Users/g90/xiaohongshu_tandian_recovered/tandian_only/xhs_google_yandex_83/google_pages/30_seq93_高加索菜_.md,5995009986,未提取到,https://www.xiaohongshu.com/user/profile/6535e4340000000004008040,https://www.xiaohongshu.com/user/profile/6535e4340000000004008040/686fe04f000000002203c6e0?xsec_token=AByKtmOPTELC96Da71zNSZa16_FvdudWcAv--5FD__dj8=&xsec_source=pc_user,,"塔什干 高加索菜 Южанин | 高加索菜 Южанин | 高加索菜 Южанин, Tashkent, Uzbekistan | 高加索菜 Южанин Tashkent Uzbekistan"
小红书,99,塔什干 早餐 goodfood,Good Food,咖啡厅,待用户自行确认,Google有坐标待Yandex坐标复核,,,Bakery & Coffee by Good Food,5.0 (2) | 咖啡店·Qatartol ko'chasi | 已结束营业 · 开始营业时间：10:00 | 堂食·路边自提·送货,未在地图上获取有效位置坐标，用户搜索时，需要自行确认,https://www.google.com/maps/search/Good%20Food%20Tashkent%20Uzbekistan%20restaurant,/Users/g90/xiaohongshu_tandian_recovered/tandian_only/xhs_google_yandex_83/google_pages/31_seq99_塔什干_早餐_goodfood.md,5995009986,未提取到,https://www.xiaohongshu.com/user/profile/6535e4340000000004008040,https://www.xiaohongshu.com/user/profile/6535e4340000000004008040/684f015b000000002101856f?xsec_token=ABobl5ztud_WV7EEdqXC6M_bxxNRvEMGjyZwuoGQ-80Q8=&xsec_source=pc_user,,"塔什干 早餐 goodfood | 塔什干 早餐 goodfood, Tashkent, Uzbekistan | 塔什干 早餐 goodfood Tashkent Uzbekistan"
小红书,108,塔什干 法餐Paul,Paul,西餐,待用户自行确认,Google有坐标待Yandex坐标复核,,,# Google 地图,,未在地图上获取有效位置坐标，用户搜索时，需要自行确认,https://www.google.com/maps/search/Paul%20Tashkent%20Uzbekistan%20restaurant,/Users/g90/xiaohongshu_tandian_recovered/tandian_only/xhs_google_yandex_83/google_pages/33_seq108_塔什干_法餐Paul.md,5995009986,未提取到,https://www.xiaohongshu.com/user/profile/6535e4340000000004008040,https://www.xiaohongshu.com/user/profile/6535e4340000000004008040/6839eeb40000000022026861?xsec_token=ABv3t5FxtkRZnmYmM2b08Vdzvs_1TcRO0EdaILGgMcFk8=&xsec_source=pc_user,paul有两家,"塔什干 法餐Paul | paul有两家 | paul有两家, Tashkent, Uzbekistan | 塔什干 法餐Paul Tashkent Uzbekistan"
小红书,109,塔什干 茶沃奶茶,茶沃,咖啡厅,待用户自行确认,Google有坐标待Yandex坐标复核,,,【CHAOMI】东方茶蜜 Bubble Tea,"4.9 (14) | 珍珠奶茶·D30 Shop, Seoul Street, 183 1st floor | 已结束营业 · 开始营业时间：11:00 | 堂食·路边自提·无接触配送",未在地图上获取有效位置坐标，用户搜索时，需要自行确认,https://www.google.com/maps/search/%E8%8C%B6%E6%B2%83%20Tashkent%20Uzbekistan%20restaurant,/Users/g90/xiaohongshu_tandian_recovered/tandian_only/xhs_google_yandex_83/google_pages/34_seq109_茶沃.md,5995009986,未提取到,https://www.xiaohongshu.com/user/profile/6535e4340000000004008040,https://www.xiaohongshu.com/user/profile/6535e4340000000004008040/6831fe170000000021008b71?xsec_token=ABJiSH8SM7rLuxEForFVouQxcMCMBv-UyC-9dSfn07vPU=&xsec_source=pc_user,compass 去年来过 感觉还比较一般 今年来顺便尝尝,"塔什干 茶沃奶茶 | 茶沃 | compass 去年来过 感觉还比较一般 今年来顺便尝尝 | compass 去年来过 感觉还比较一般 今年来顺便尝尝, Tashkent, Uzbekistan | 茶沃 Tashkent Uzbekistan"
小红书,111,塔什干 韩餐masil 无服务费 一人食友好,Masil,咖啡厅,待用户自行确认,Google有坐标待Yandex坐标复核,,,# Google 地图,附近的餐馆 酒店 推荐活动 酒吧 咖啡馆 外带 便利店 |  |  | ,未在地图上获取有效位置坐标，用户搜索时，需要自行确认,https://www.google.com/maps/search/Masil%20Tashkent%20Uzbekistan%20restaurant,/Users/g90/xiaohongshu_tandian_recovered/tandian_only/xhs_google_yandex_83/google_pages/36_seq111_塔什干_韩餐masil_无服务费_一人食友好.md,5995009986,未提取到,https://www.xiaohongshu.com/user/profile/6535e4340000000004008040,https://www.xiaohongshu.com/user/profile/6535e4340000000004008040/68340e4900000000220048d4?xsec_token=AB6d_JK2hth93igmiv3GZDDBnRvw20Cyc2o1wtOOXeBQs=&xsec_source=pc_user,,"塔什干 韩餐masil 无服务费 一人食友好 | 塔什干 韩餐masil 无服务费 一人食友好, Tashkent, Uzbekistan | 塔什干 韩餐masil 无服务费 一人食友好 Tashkent Uzbekistan"
小红书,117,塔什干 中国人爱吃 本地人喜欢的Jumanji,Jumanji,中餐,待用户自行确认,Google有坐标待Yandex坐标复核,,,# Google 地图,,未在地图上获取有效位置坐标，用户搜索时，需要自行确认,https://www.google.com/maps/search/Jumanji%20Tashkent%20Uzbekistan%20restaurant,/Users/g90/xiaohongshu_tandian_recovered/tandian_only/xhs_google_yandex_83/google_pages/37_seq117_中国人爱吃.md,5995009986,未提取到,https://www.xiaohongshu.com/user/profile/6535e4340000000004008040,https://www.xiaohongshu.com/user/profile/6535e4340000000004008040/682b851a000000002100d0c4?xsec_token=ABJ2kfk05DwFb2jmeapbm9p-f54T-P2rs5ixrFlpy55iA=&xsec_source=pc_user,,"塔什干 中国人爱吃 本地人喜欢的Jumanji | 中国人爱吃 | 中国人爱吃, Tashkent, Uzbekistan | 中国人爱吃 Tashkent Uzbekistan"
小红书,120,塔什干 河岸小酒馆 Khan Chapan,Khan Chapan,乌兹别克斯坦本地菜,待用户自行确认,Google有坐标待Yandex坐标复核,,,# Google 地图,https://www.instagram.com/ https://www.instagram.com › khan.chapan | Tashkent (@khan.chapan) - Instagram | Log in · Open app · khan.chapan's profile picture. khan.chapan. Khan Chapan | Tashkent. 47.3K followers. 5 following. Central Asian Fusion Weekdays ...,未在地图上获取有效位置坐标，用户搜索时，需要自行确认,https://www.google.com/maps/search/Khan%20Chapan%20Tashkent%20Uzbekistan%20restaurant,/Users/g90/xiaohongshu_tandian_recovered/tandian_only/xhs_google_yandex_83/google_pages/38_seq120_Khan_Chapan.md,5995009986,未提取到,https://www.xiaohongshu.com/user/profile/6535e4340000000004008040,https://www.xiaohongshu.com/user/profile/6535e4340000000004008040/6828459f000000002102c4a6?xsec_token=ABjQ432ySFEzCFs-6Cp_liPgGqhZV7t0cL4s17bUFO_sU=&xsec_source=pc_user,"Уста-Алима тупик, 5 Khan cha","塔什干 河岸小酒馆 Khan Chapan | Khan Chapan | Уста-Алима тупик, 5 Khan cha | Уста-Алима тупик, 5 Khan cha, Tashkent, Uzbekistan | Khan Chapan Tashkent Uzbekistan"
小红书,122,塔什干 搞点鲜族小咸菜吃吃,Ansan,其他,待用户自行确认,Google有坐标待Yandex坐标复核,,,# Google 地图,,未在地图上获取有效位置坐标，用户搜索时，需要自行确认,https://www.google.com/maps/search/Ansan%20Tashkent%20Uzbekistan%20restaurant,/Users/g90/xiaohongshu_tandian_recovered/tandian_only/xhs_google_yandex_83/google_pages/39_seq122_搞点鲜族小咸菜吃吃.md,5995009986,未提取到,https://www.xiaohongshu.com/user/profile/6535e4340000000004008040,https://www.xiaohongshu.com/user/profile/6535e4340000000004008040/682476a800000000210096d1?xsec_token=ABNQNIJXnZ0XKofoeSLCwUVkhXdIt8UeL05q1-s_sHq8Y=&xsec_source=pc_user,"[2026-06-11T09:00:38.118Z] sessionId=323386010840727553 vertical={""hasMore"":false,""stopReason"":""end_of_scroll""} horizontal={""hasMore"":false}","塔什干 搞点鲜族小咸菜吃吃 | 搞点鲜族小咸菜吃吃 | [2026-06-11T09:00:38.118Z] sessionId=323386010840727553 vertical={""hasMore"":false,""stopReason"":""end_of_scroll""} horizontal={""hasMore"":false} | [2026-06-11T09:00:38.118Z] sessionId=323386010840727553 vertical={""hasMore"":false,""stopReason"":""end_of_scroll""} horizontal={""hasMore"":false}, Tashkent, Uzbekistan | 搞点鲜族小咸菜吃吃 Tashkent Uzbekistan"
小红书,126,塔什干 百味餐厅 这地方太危险了,百味餐厅,中餐,待用户自行确认,Google有坐标待Yandex坐标复核,,,Yuzhanin,4.7 (689) | 餐馆·Turkiston ko'chasi 12a | 已结束营业 · 开始营业时间：11:00 | 堂食·外带,未在地图上获取有效位置坐标，用户搜索时，需要自行确认,https://www.google.com/maps/search/%E7%99%BE%E5%91%B3%E9%A4%90%E5%8E%85%20Tashkent%20Uzbekistan%20restaurant,/Users/g90/xiaohongshu_tandian_recovered/tandian_only/xhs_google_yandex_83/google_pages/40_seq126_百味餐厅.md,5995009986,未提取到,https://www.xiaohongshu.com/user/profile/6535e4340000000004008040,https://www.xiaohongshu.com/user/profile/6535e4340000000004008040/6810ab280000000021019773?xsec_token=AB_8Kxz2REEoKj30hnw-UXwUfurhBal6sWehGO3Capf20=&xsec_source=pc_user,,"塔什干 百味餐厅 这地方太危险了 | 百味餐厅 | 百味餐厅, Tashkent, Uzbekistan | 百味餐厅 Tashkent Uzbekistan"
小红书,129,塔什干 社畜下班后 吃喝玩乐路线,Bamboo Noodle House,其他,待用户自行确认,Google有坐标待Yandex坐标复核,,,# Google 地图,,未在地图上获取有效位置坐标，用户搜索时，需要自行确认,https://www.google.com/maps/search/Bamboo%20Noodle%20House%20Tashkent%20Uzbekistan%20restaurant,/Users/g90/xiaohongshu_tandian_recovered/tandian_only/xhs_google_yandex_83/google_pages/42_seq129_社畜下班后_吃喝玩乐路线.md,5995009986,未提取到,https://www.xiaohongshu.com/user/profile/6535e4340000000004008040,https://www.xiaohongshu.com/user/profile/6535e4340000000004008040/68067657000000001e006a2b?xsec_token=ABgvZtjrZKSvMnWnTPu-GCqpp2KkFePdX9mnPPK1PX6m0=&xsec_source=pc_user,,"塔什干 社畜下班后 吃喝玩乐路线 | 社畜下班后 吃喝玩乐路线 | 社畜下班后 吃喝玩乐路线, Tashkent, Uzbekistan | 社畜下班后 吃喝玩乐路线 Tashkent Uzbekistan"
小红书,133,塔什干 Matcha奶茶🧋,Matcha,咖啡厅,待用户自行确认,Google有坐标待Yandex坐标复核,,,Matcha:,3.9 (12)·UZS 5-10万 | 咖啡馆·Lashkarbegi St | 已结束营业 · 开始营业时间：10:00,未在地图上获取有效位置坐标，用户搜索时，需要自行确认,https://www.google.com/maps/search/Matcha%20Tashkent%20Uzbekistan%20restaurant,/Users/g90/xiaohongshu_tandian_recovered/tandian_only/xhs_google_yandex_83/google_pages/43_seq133_Matcha.md,5995009986,未提取到,https://www.xiaohongshu.com/user/profile/6535e4340000000004008040,https://www.xiaohongshu.com/user/profile/6535e4340000000004008040/68027432000000001c00db38?xsec_token=ABIs-5mlwRMhkFl5f0k2XxAAdwF_MIDQogcs92s7zu7WE=&xsec_source=pc_user,,"塔什干 Matcha奶茶🧋 | Matcha | Matcha, Tashkent, Uzbekistan | Matcha Tashkent Uzbekistan"
小红书,138,塔什干 本地brunch,Benedict,咖啡厅,待用户自行确认,Google有坐标待Yandex坐标复核,,,Benedict,4.1 (164)·UZS 10-35万 | 咖啡馆·Nukus ko'chasi 31/2 | 已结束营业 · 开始营业时间：08:00 | 堂食·送货,未在地图上获取有效位置坐标，用户搜索时，需要自行确认,https://www.google.com/maps/search/Benedict%20Tashkent%20Uzbekistan%20restaurant,/Users/g90/xiaohongshu_tandian_recovered/tandian_only/xhs_google_yandex_83/google_pages/44_seq138_塔什干_本地brunch.md,5995009986,未提取到,https://www.xiaohongshu.com/user/profile/6535e4340000000004008040,https://www.xiaohongshu.com/user/profile/6535e4340000000004008040/67fb88db000000001d014b9c?xsec_token=AB1AWlzZjNRK6DBVihN4dX3ieiHL1-rFNSBZZpuiezlQo=&xsec_source=pc_user,,"塔什干 本地brunch | 塔什干 本地brunch, Tashkent, Uzbekistan | 塔什干 本地brunch Tashkent Uzbekistan"
小红书,139,塔什干 长沙饭店,长沙饭店,中餐,待用户自行确认,Google有坐标待Yandex坐标复核,,,Yuzhanin,4.7 (689) | 餐馆·Turkiston ko'chasi 12a | 已结束营业 · 开始营业时间：11:00 | 堂食·外带,未在地图上获取有效位置坐标，用户搜索时，需要自行确认,https://www.google.com/maps/search/%E9%95%BF%E6%B2%99%E9%A5%AD%E5%BA%97%20Tashkent%20Uzbekistan%20restaurant,/Users/g90/xiaohongshu_tandian_recovered/tandian_only/xhs_google_yandex_83/google_pages/45_seq139_长沙饭店.md,5995009986,未提取到,https://www.xiaohongshu.com/user/profile/6535e4340000000004008040,https://www.xiaohongshu.com/user/profile/6535e4340000000004008040/67fa3896000000001d02dae9?xsec_token=AB4d8s_s87cnWXRDS3ABCKtZHCvoPhBZ77AqViAfPKvLY=&xsec_source=pc_user,,"塔什干 长沙饭店 | 长沙饭店 | 长沙饭店, Tashkent, Uzbekistan | 长沙饭店 Tashkent Uzbekistan"
小红书,146,塔什干 韩式烤肉 9292,9292,其他,待用户自行确认,Google有坐标待Yandex坐标复核,,,Navvat Lounge Bar,4.0 (577)·UZS 5-25万 | 餐馆·Matbuotchilar ko'chasi 9 | 24 小时营业 | 堂食·外带·送货,未在地图上获取有效位置坐标，用户搜索时，需要自行确认,https://www.google.com/maps/search/9292%20Tashkent%20Uzbekistan%20restaurant,/Users/g90/xiaohongshu_tandian_recovered/tandian_only/xhs_google_yandex_83/google_pages/50_seq146_韩式烤肉_9292.md,5995009986,未提取到,https://www.xiaohongshu.com/user/profile/6535e4340000000004008040,https://www.xiaohongshu.com/user/profile/6535e4340000000004008040/67eabd2a000000001d006a09?xsec_token=ABFRs-mfu7eZ4IyALQm65RJaEkjSuze96qzCrOK4Rs5AY=&xsec_source=pc_user,"[2026-06-11T09:05:01.572Z] sessionId=323387131630059521 vertical={""hasMore"":false,""stopReason"":""end_of_scroll""} horizontal={""hasMore"":false}","塔什干 韩式烤肉 9292 | 韩式烤肉 9292 | [2026-06-11T09:05:01.572Z] sessionId=323387131630059521 vertical={""hasMore"":false,""stopReason"":""end_of_scroll""} horizontal={""hasMore"":false} | [2026-06-11T09:05:01.572Z] sessionId=323387131630059521 vertical={""hasMore"":false,""stopReason"":""end_of_scroll""} horizontal={""hasMore"":false}, Tashkent, Uzbekistan | 韩式烤肉 9292 Tashkent Uzbekistan"
小红书,155,乌兹别克斯坦 泰尔梅兹 diplomat餐厅,Diplomat,其他,待用户自行确认,Google有坐标待Yandex坐标复核,,,Pro. Хинкали,4.8 (193)·UZS 20-50万 | 格鲁吉亚风味·улица Шота Руставели 22А/1 | 已结束营业 · 开始营业时间：09:00,未在地图上获取有效位置坐标，用户搜索时，需要自行确认,https://www.google.com/maps/search/Diplomat%20Tashkent%20Uzbekistan%20restaurant,/Users/g90/xiaohongshu_tandian_recovered/tandian_only/xhs_google_yandex_83/google_pages/55_seq155_乌兹别克斯坦_泰尔梅兹_diplomat.md,5995009986,未提取到,https://www.xiaohongshu.com/user/profile/6535e4340000000004008040,https://www.xiaohongshu.com/user/profile/6535e4340000000004008040/67e01a4c000000000b014e57?xsec_token=ABAoo0CzUqS_bGDGGQqstSw1CfsEuXY1AGN4aXHhh30W8=&xsec_source=pc_user,,"乌兹别克斯坦 泰尔梅兹 diplomat餐厅 | 乌兹别克斯坦 泰尔梅兹 diplomat | 乌兹别克斯坦 泰尔梅兹 diplomat, Tashkent, Uzbekistan | 乌兹别克斯坦 泰尔梅兹 diplomat Tashkent Uzbekistan"
小红书,162,塔什干 唐朝饭店,唐朝饭店,中餐,待用户自行确认,Google有坐标待Yandex坐标复核,,,Yuzhanin,4.7 (689) | 餐馆·Turkiston ko'chasi 12a | 已结束营业 · 开始营业时间：11:00 | 堂食·外带,未在地图上获取有效位置坐标，用户搜索时，需要自行确认,https://www.google.com/maps/search/%E5%94%90%E6%9C%9D%E9%A5%AD%E5%BA%97%20Tashkent%20Uzbekistan%20restaurant,/Users/g90/xiaohongshu_tandian_recovered/tandian_only/xhs_google_yandex_83/google_pages/56_seq162_唐朝饭店.md,5995009986,未提取到,https://www.xiaohongshu.com/user/profile/6535e4340000000004008040,https://www.xiaohongshu.com/user/profile/6535e4340000000004008040/67d023d0000000000900c661?xsec_token=ABN9WXv30nuMLVVPsiymDPa8HO_CVKIetIGbSmmh3yJss=&xsec_source=pc_user,,"塔什干 唐朝饭店 | 唐朝饭店 | 唐朝饭店, Tashkent, Uzbekistan | 唐朝饭店 Tashkent Uzbekistan"
小红书,168,在希瓦terrace餐厅的早c晚a,Terrace,其他,待用户自行确认,Google有坐标待Yandex坐标复核,,,AZUR - Terrace Garden,4.6 (294) | 地中海风味··проезд Уста Алима 5 | 已结束营业 · 开始营业时间：12:00 | 堂食·外带·送货,未在地图上获取有效位置坐标，用户搜索时，需要自行确认,https://www.google.com/maps/search/Terrace%20Tashkent%20Uzbekistan%20restaurant,/Users/g90/xiaohongshu_tandian_recovered/tandian_only/xhs_google_yandex_83/google_pages/57_seq168_在希瓦terrace.md,5995009986,未提取到,https://www.xiaohongshu.com/user/profile/6535e4340000000004008040,https://www.xiaohongshu.com/user/profile/6535e4340000000004008040/67c74242000000000603d95a?xsec_token=AB97dZ4I2Kbr5mtdNzUsf63YbPCwxYDh3ElYJKBx6Wd88=&xsec_source=pc_user,,"在希瓦terrace餐厅的早c晚a | 在希瓦terrace | 在希瓦terrace, Tashkent, Uzbekistan | 在希瓦terrace Tashkent Uzbekistan"
小红书,171,乌兹伴手礼 korzinka超市版,Korzinka,其他,待用户自行确认,Google有坐标待Yandex坐标复核,,,Korzinka - Fayzobod,4.3 (152) | 超市··Yangi Qo'yliq ko'chasi 2А | 24 小时营业·+998 78 140 14 14 | 送货,未在地图上获取有效位置坐标，用户搜索时，需要自行确认,https://www.google.com/maps/search/Korzinka%20Tashkent%20Uzbekistan%20restaurant,/Users/g90/xiaohongshu_tandian_recovered/tandian_only/xhs_google_yandex_83/google_pages/58_seq171_乌兹伴手礼_korzinka.md,5995009986,未提取到,https://www.xiaohongshu.com/user/profile/6535e4340000000004008040,https://www.xiaohongshu.com/user/profile/6535e4340000000004008040/67c09ef80000000003028007?xsec_token=ABgKAme8qC7CEanhin0N5lwyeBHR02eTGFfeprxSYD1tU=&xsec_source=pc_user,,"乌兹伴手礼 korzinka超市版 | 乌兹伴手礼 korzinka | 乌兹伴手礼 korzinka, Tashkent, Uzbekistan | 乌兹伴手礼 korzinka Tashkent Uzbekistan"
小红书,173,塔什干 真正的韩餐厅Headri,Headri,咖啡厅,待用户自行确认,Google有坐标待Yandex坐标复核,,,# Google 地图,附近的餐馆 酒店 推荐活动 酒吧 咖啡馆 外带 便利店 |  | 图层,未在地图上获取有效位置坐标，用户搜索时，需要自行确认,https://www.google.com/maps/search/Headri%20Tashkent%20Uzbekistan%20restaurant,/Users/g90/xiaohongshu_tandian_recovered/tandian_only/xhs_google_yandex_83/google_pages/59_seq173_Headri.md,5995009986,未提取到,https://www.xiaohongshu.com/user/profile/6535e4340000000004008040,https://www.xiaohongshu.com/user/profile/6535e4340000000004008040/67bc8b09000000001201df60?xsec_token=ABWIgg6DiIA6u9FWXGX7Y60DTxMXtZMZe3e1LRTvTZP8Y=&xsec_source=pc_user,,"塔什干 真正的韩餐厅Headri | Headri | Headri, Tashkent, Uzbekistan | Headri Tashkent Uzbekistan"
小红书,177,塔什干 韩国🇰🇷超市 Ansan,Ansan,其他,待用户自行确认,Google有坐标待Yandex坐标复核,,,# Google 地图,附近 | 已有 17 人报告 | ,未在地图上获取有效位置坐标，用户搜索时，需要自行确认,https://www.google.com/maps/search/Ansan%20Tashkent%20Uzbekistan%20restaurant,/Users/g90/xiaohongshu_tandian_recovered/tandian_only/xhs_google_yandex_83/google_pages/60_seq177_韩国_.md,5995009986,未提取到,https://www.xiaohongshu.com/user/profile/6535e4340000000004008040,https://www.xiaohongshu.com/user/profile/6535e4340000000004008040/67b81507000000001203ffe3?xsec_token=AB89kTygoBbiKqV2bIVmX6QzKHRJnH0_SC9VoY3mxdiHk=&xsec_source=pc_user,,"塔什干 韩国🇰🇷超市 Ansan | 韩国🇰🇷 | 韩国🇰🇷, Tashkent, Uzbekistan | 韩国🇰🇷 Tashkent Uzbekistan"
小红书,178,塔什干 东方茶蜜,东方茶蜜,咖啡厅,待用户自行确认,Google有坐标待Yandex坐标复核,,,flowers.milk tea,"4.9 (33)·UZS 1-50,000 | 咖啡馆·Ташкент, Мирзо-Улугбекский район, массив Буюк Ипак Йули, 15 | 已结束营业 · 开始营业时间：10:00 | 堂食·外带",未在地图上获取有效位置坐标，用户搜索时，需要自行确认,https://www.google.com/maps/search/%E4%B8%9C%E6%96%B9%E8%8C%B6%E8%9C%9C%20Tashkent%20Uzbekistan%20restaurant,/Users/g90/xiaohongshu_tandian_recovered/tandian_only/xhs_google_yandex_83/google_pages/61_seq178_东方茶蜜.md,5995009986,未提取到,https://www.xiaohongshu.com/user/profile/6535e4340000000004008040,https://www.xiaohongshu.com/user/profile/6535e4340000000004008040/67b6c91b0000000007037500?xsec_token=ABkXezVdjeX2KgkLc2i_G8VbrmOKQPz-et_r9unVUhMXo=&xsec_source=pc_user,,"塔什干 东方茶蜜 | 东方茶蜜 | 东方茶蜜, Tashkent, Uzbekistan | 东方茶蜜 Tashkent Uzbekistan"
小红书,179,塔什干 紫菜包饭 Kimpab,Kimpab,咖啡厅,待用户自行确认,Google有坐标待Yandex坐标复核,,,Kimpab,4.8 (16)·UZS 5-10万 | 咖啡馆·Bobur ko'chasi 174/18 | 已结束营业 · 开始营业时间：10:00 | 堂食·外带·送货,未在地图上获取有效位置坐标，用户搜索时，需要自行确认,https://www.google.com/maps/search/Kimpab%20Tashkent%20Uzbekistan%20restaurant,/Users/g90/xiaohongshu_tandian_recovered/tandian_only/xhs_google_yandex_83/google_pages/62_seq179_紫菜包饭_Kimpab.md,5995009986,未提取到,https://www.xiaohongshu.com/user/profile/6535e4340000000004008040,https://www.xiaohongshu.com/user/profile/6535e4340000000004008040/67b4b9b60000000006028fc5?xsec_token=ABpXti7U8_huKwyfzqLG0cpxSdyZRXFFK_eIDqG8N-xKk=&xsec_source=pc_user,,"塔什干 紫菜包饭 Kimpab | 紫菜包饭 Kimpab | 紫菜包饭 Kimpab, Tashkent, Uzbekistan | 紫菜包饭 Kimpab Tashkent Uzbekistan"
小红书,182,塔什干 土耳其早茶 Bosphorus,Bosphorus,咖啡厅,待用户自行确认,Google有坐标待Yandex坐标复核,,,Bosphorus Restaurant,4.2 (206)·UZS 10-40万 | 土耳其风味··Mahmud Tarobiy Street No:27 | 已结束营业 · 开始营业时间：09:00 | 堂食·外带·无接触配送,未在地图上获取有效位置坐标，用户搜索时，需要自行确认,https://www.google.com/maps/search/Bosphorus%20Tashkent%20Uzbekistan%20restaurant,/Users/g90/xiaohongshu_tandian_recovered/tandian_only/xhs_google_yandex_83/google_pages/64_seq182_土耳其早茶_Bosphorus.md,5995009986,未提取到,https://www.xiaohongshu.com/user/profile/6535e4340000000004008040,https://www.xiaohongshu.com/user/profile/6535e4340000000004008040/67b32579000000001800618f?xsec_token=ABUhLc1ry8Vo_PaSaLoqdQiGJj9QVOaWG2-51RaRaj8d4=&xsec_source=pc_user,,"塔什干 土耳其早茶 Bosphorus | 土耳其早茶 Bosphorus | 土耳其早茶 Bosphorus, Tashkent, Uzbekistan | 土耳其早茶 Bosphorus Tashkent Uzbekistan"
小红书,195,塔什干 沈阳饺子馆,沈阳饺子馆,中餐,待用户自行确认,Google有坐标待Yandex坐标复核,,,# Google 地图,,未在地图上获取有效位置坐标，用户搜索时，需要自行确认,https://www.google.com/maps/search/%E6%B2%88%E9%98%B3%E9%A5%BA%E5%AD%90%E9%A6%86%20Tashkent%20Uzbekistan%20restaurant,/Users/g90/xiaohongshu_tandian_recovered/tandian_only/xhs_google_yandex_83/google_pages/69_seq195_沈阳饺子馆.md,5995009986,未提取到,https://www.xiaohongshu.com/user/profile/6535e4340000000004008040,https://www.xiaohongshu.com/user/profile/6535e4340000000004008040/67979fcd000000001800f6a2?xsec_token=ABNtcwOU862xjY_9hHqOgYJ0rNJ0UUQopsvwm4Q35P9w8=&xsec_source=pc_user,,"塔什干 沈阳饺子馆 | 沈阳饺子馆 | 沈阳饺子馆, Tashkent, Uzbekistan | 沈阳饺子馆 Tashkent Uzbekistan"
小红书,205,塔什干 希腊菜Nika🇬🇷 大衣保卫战,Nika,西餐,待用户自行确认,Google有坐标待Yandex坐标复核,,,# Google 地图,Nika - Ресторан Греческой Кухни | 4.3 (196)·UZS 20-45万 | 餐馆·Botir Zokirov ko'chasi 7 | 已结束营业 · 开始营业时间：10:00·+998 90 787 00 30,未在地图上获取有效位置坐标，用户搜索时，需要自行确认,https://www.google.com/maps/search/Nika%20Tashkent%20Uzbekistan%20restaurant,/Users/g90/xiaohongshu_tandian_recovered/tandian_only/xhs_google_yandex_83/google_pages/71_seq205_希腊菜Nika_大衣保卫战.md,5995009986,未提取到,https://www.xiaohongshu.com/user/profile/6535e4340000000004008040,https://www.xiaohongshu.com/user/profile/6535e4340000000004008040/678008d9000000001800d752?xsec_token=ABrWh-rDDQpQ2-_hMKtZUoXs9bcrIr_8avsml8d3JZpFc=&xsec_source=pc_user,,"塔什干 希腊菜Nika🇬🇷 大衣保卫战 | 希腊菜Nika🇬🇷 大衣保卫战 | 希腊菜Nika🇬🇷 大衣保卫战, Tashkent, Uzbekistan | 希腊菜Nika🇬🇷 大衣保卫战 Tashkent Uzbekistan"
小红书,209,Borjomi 两招教你进人满拒客的餐厅,Borjomi,乌兹别克斯坦本地菜,待用户自行确认,Google有坐标待Yandex坐标复核,,,BOBOY Shevchenko,"4.7 (289)·UZS 15-40万 | 乌兹别克风味··Taras Shevchenko ko'chasi 38a | 24 小时营业 | ""Said的服务很不错，店很精致，还送了小水果""",未在地图上获取有效位置坐标，用户搜索时，需要自行确认,https://www.google.com/maps/search/Borjomi%20Tashkent%20Uzbekistan%20restaurant,/Users/g90/xiaohongshu_tandian_recovered/tandian_only/xhs_google_yandex_83/google_pages/72_seq209_Borjomi_两招教你进人满拒客的.md,5995009986,未提取到,https://www.xiaohongshu.com/user/profile/6535e4340000000004008040,https://www.xiaohongshu.com/user/profile/6535e4340000000004008040/6779787f000000000b00cee4?xsec_token=ABrL5s4FVfpBFnm3HNtJ3SpiAL-oSkCfIHpOcsgMWdtHE=&xsec_source=pc_user,,"Borjomi 两招教你进人满拒客的餐厅 | Borjomi 两招教你进人满拒客的 | Borjomi 两招教你进人满拒客的, Tashkent, Uzbekistan | Borjomi 两招教你进人满拒客的 Tashkent Uzbekistan"
小红书,224,塔什干 印度菜 Raaj Kapur,Raaj Kapur,其他,待用户自行确认,Google有坐标待Yandex坐标复核,,,# Google 地图,,未在地图上获取有效位置坐标，用户搜索时，需要自行确认,https://www.google.com/maps/search/Raaj%20Kapur%20Tashkent%20Uzbekistan%20restaurant,/Users/g90/xiaohongshu_tandian_recovered/tandian_only/xhs_google_yandex_83/google_pages/75_seq224_塔什干_印度菜_Raaj_Kapur.md,5995009986,未提取到,https://www.xiaohongshu.com/user/profile/6535e4340000000004008040,https://www.xiaohongshu.com/user/profile/6535e4340000000004008040/676cdffd000000000800e847?xsec_token=ABPz664F0K4ZwTpcsbr-fBGkQEAd3FJc4wQa3hMaPUQpc=&xsec_source=pc_user,"[2026-06-11T09:19:48.320Z] sessionId=323390835116605441 vertical={""hasMore"":false,""stopReason"":""end_of_scroll""} horizontal={""hasMore"":false}","塔什干 印度菜 Raaj Kapur | [2026-06-11T09:19:48.320Z] sessionId=323390835116605441 vertical={""hasMore"":false,""stopReason"":""end_of_scroll""} horizontal={""hasMore"":false} | [2026-06-11T09:19:48.320Z] sessionId=323390835116605441 vertical={""hasMore"":false,""stopReason"":""end_of_scroll""} horizontal={""hasMore"":false}, Tashkent, Uzbekistan | 塔什干 印度菜 Raaj Kapur Tashkent Uzbekistan"
小红书,236,塔什干 火到等位的土耳其餐masa,Masa,其他,待用户自行确认,Google有坐标待Yandex坐标复核,,,# Google 地图,,未在地图上获取有效位置坐标，用户搜索时，需要自行确认,https://www.google.com/maps/search/Masa%20Tashkent%20Uzbekistan%20restaurant,/Users/g90/xiaohongshu_tandian_recovered/tandian_only/xhs_google_yandex_83/google_pages/79_seq236_火到等位的土耳其餐masa.md,5995009986,未提取到,https://www.xiaohongshu.com/user/profile/6535e4340000000004008040,https://www.xiaohongshu.com/user/profile/6535e4340000000004008040/674e8caa000000000203976e?xsec_token=ABW-rnfwO9vpCxQbT4ulnQiRGHlpo_iLPQMWnav5nkOGg=&xsec_source=pc_user,,"塔什干 火到等位的土耳其餐masa | 火到等位的土耳其餐masa | 火到等位的土耳其餐masa, Tashkent, Uzbekistan | 火到等位的土耳其餐masa Tashkent Uzbekistan"
小红书,238,塔什干 首尔街boost cafe吃到他们停电,Boost Cafe,咖啡厅,待用户自行确认,Google有文字候选无坐标,,,Boost Coffee,"76XW+8GP, Tashkent",未在地图上获取有效位置坐标，用户搜索时，需要自行确认,https://www.google.com/maps/search/Boost%20Cafe%20Tashkent%20Uzbekistan%20restaurant,/Users/g90/Documents/Codex/2026-06-13/hermes/work/maps_reads_next/049_Boost_Cafe.md,5995009986,未提取到,https://www.xiaohongshu.com/user/profile/6535e4340000000004008040,https://www.xiaohongshu.com/user/profile/6535e4340000000004008040/674ab7b300000000020298a7?xsec_token=ABqmucr_ZyzZfUfMfO-J1Taz1B2Dk4a1z1nfwhFG1YM-Y=&xsec_source=pc_user,,"塔什干 首尔街boost cafe吃到他们停电 | 首尔街boost cafe吃到他们停电 | 首尔街boost cafe吃到他们停电, Tashkent, Uzbekistan | 首尔街boost cafe吃到他们停电 Tashkent Uzbekistan"
小红书,240,塔什干 土耳其菜味道不会出错的ramiz,Ramiz,咖啡厅,待用户自行确认,Google有坐标待Yandex坐标复核,,,# Google 地图,附近的餐馆 酒店 推荐活动 酒吧 咖啡馆 外带 便利店,未在地图上获取有效位置坐标，用户搜索时，需要自行确认,https://www.google.com/maps/search/Ramiz%20Tashkent%20Uzbekistan%20restaurant,/Users/g90/xiaohongshu_tandian_recovered/tandian_only/xhs_google_yandex_83/google_pages/81_seq240_土耳其菜味道不会出错的ramiz.md,5995009986,未提取到,https://www.xiaohongshu.com/user/profile/6535e4340000000004008040,https://www.xiaohongshu.com/user/profile/6535e4340000000004008040/6749608e0000000006016b47?xsec_token=ABkmKtWOYu-VDmUYE6mk6577kmFEjwVCw25UrmApfFp-4=&xsec_source=pc_user,,"塔什干 土耳其菜味道不会出错的ramiz | 土耳其菜味道不会出错的ramiz | 土耳其菜味道不会出错的ramiz, Tashkent, Uzbekistan | 土耳其菜味道不会出错的ramiz Tashkent Uzbekistan"
微信餐厅,漫漫重庆大碗麻辣烫,漫漫重庆大碗麻辣烫,漫漫重庆大碗麻辣烫,中餐,待用户自行确认,Google候选需核名,,,Kungfu Malatang,餐馆·Ulitsa Istiklol 7,未在地图上获取有效位置坐标，用户搜索时，需要自行确认,https://www.google.com/maps/search/%E6%BC%AB%E6%BC%AB%E9%87%8D%E5%BA%86%E5%A4%A7%E7%A2%97%E9%BA%BB%E8%BE%A3%E7%83%AB%20Tashkent%20Uzbekistan%20restaurant,/Users/g90/Documents/Codex/2026-06-13/hermes/work/maps_reads/053_漫漫重庆大碗麻辣烫.md,,,,,,
微信餐厅,yusuf兰州拉面,yusuf兰州拉面,yusuf兰州拉面,中餐,待用户自行确认,Google候选需核名,,,兰州拉面,"中国风味·78M3+5WC, Фарғона Йўли",未在地图上获取有效位置坐标，用户搜索时，需要自行确认,https://www.google.com/maps/search/yusuf%E5%85%B0%E5%B7%9E%E6%8B%89%E9%9D%A2%20Tashkent%20Uzbekistan%20restaurant,/Users/g90/Documents/Codex/2026-06-13/hermes/work/maps_reads/054_yusuf兰州拉面.md,,,,,,
微信餐厅,淮扬食府中餐厅,淮扬食府中餐厅,淮扬食府中餐厅,中餐,待用户自行确认,Google无同名结果,,,,,未在地图上获取有效位置坐标，用户搜索时，需要自行确认,https://www.google.com/maps/search/%E6%B7%AE%E6%89%AC%E9%A3%9F%E5%BA%9C%E4%B8%AD%E9%A4%90%E5%8E%85%20Tashkent%20Uzbekistan%20restaurant,/Users/g90/Documents/Codex/2026-06-13/hermes/work/maps_reads/055_淮扬食府中餐厅.md,,,,,,
微信餐厅,LAGMAN HOUSE,LAGMAN HOUSE,LAGMAN HOUSE,乌兹别克斯坦本地菜,待用户自行确认,Google无有效结果,,,,,未在地图上获取有效位置坐标，用户搜索时，需要自行确认,https://www.google.com/maps/search/LAGMAN%20HOUSE%20Tashkent%20Uzbekistan%20restaurant,/Users/g90/Documents/Codex/2026-06-13/hermes/work/maps_reads/056_LAGMAN_HOUSE.md,,,,,,
微信餐厅,锅气火锅,锅气火锅,锅气火锅,中餐,待用户自行确认,Google候选需核名,,,重庆搞火锅Чунцинский самовар,中国风味·DOMDRABAD KO'CHASI,未在地图上获取有效位置坐标，用户搜索时，需要自行确认,https://www.google.com/maps/search/%E9%94%85%E6%B0%94%E7%81%AB%E9%94%85%20Tashkent%20Uzbekistan%20restaurant,/Users/g90/Documents/Codex/2026-06-13/hermes/work/maps_reads/057_锅气火锅.md,,,,,,
微信餐厅,锅气小碗菜,锅气小碗菜,锅气小碗菜,中餐,待用户自行确认,Google无同名结果,,,,,未在地图上获取有效位置坐标，用户搜索时，需要自行确认,https://www.google.com/maps/search/%E9%94%85%E6%B0%94%E5%B0%8F%E7%A2%97%E8%8F%9C%20Tashkent%20Uzbekistan%20restaurant,/Users/g90/Documents/Codex/2026-06-13/hermes/work/maps_reads/058_锅气小碗菜.md,,,,,,
微信餐厅,幸福小馆,幸福小馆,幸福小馆,中餐,待用户自行确认,Google无同名结果,,,,,未在地图上获取有效位置坐标，用户搜索时，需要自行确认,https://www.google.com/maps/search/%E5%B9%B8%E7%A6%8F%E5%B0%8F%E9%A6%86%20Tashkent%20Uzbekistan%20restaurant,/Users/g90/Documents/Codex/2026-06-13/hermes/work/maps_reads/059_幸福小馆.md,,,,,,
微信餐厅,重庆辣德佳火锅,重庆辣德佳火锅,重庆辣德佳火锅,中餐,待用户自行确认,Google候选需核名,,,Xitoyning Chongqing Hotpoti,火锅·Arnasay ko'chasi 23,未在地图上获取有效位置坐标，用户搜索时，需要自行确认,https://www.google.com/maps/search/%E9%87%8D%E5%BA%86%E8%BE%A3%E5%BE%B7%E4%BD%B3%E7%81%AB%E9%94%85%20Tashkent%20Uzbekistan%20restaurant,/Users/g90/Documents/Codex/2026-06-13/hermes/work/maps_reads/060_重庆辣德佳火锅.md,,,,,,
微信餐厅,闽浙海鲜餐厅,闽浙海鲜餐厅,闽浙海鲜餐厅,中餐,待用户自行确认,Google候选需核名,,,浙江海鲜楼,"中国风味·Arnasay Street, 斯坦",未在地图上获取有效位置坐标，用户搜索时，需要自行确认,https://www.google.com/maps/search/%E9%97%BD%E6%B5%99%E6%B5%B7%E9%B2%9C%E9%A4%90%E5%8E%85%20Tashkent%20Uzbekistan%20restaurant,/Users/g90/Documents/Codex/2026-06-13/hermes/work/maps_reads/061_闽浙海鲜餐厅.md,,,,,,
微信餐厅,樽龍私厨,樽龍私厨,樽龍私厨,中餐,待用户自行确认,Google无同名结果,,,,,未在地图上获取有效位置坐标，用户搜索时，需要自行确认,https://www.google.com/maps/search/%E6%A8%BD%E9%BE%8D%E7%A7%81%E5%8E%A8%20Tashkent%20Uzbekistan%20restaurant,/Users/g90/Documents/Codex/2026-06-13/hermes/work/maps_reads/063_樽龍私厨.md,,,,,,
微信餐厅,Saray新疆餐厅,Saray新疆餐厅,Saray新疆餐厅,中餐,待用户自行确认,Google候选需核名,,,saray uygur taomliri,中欧餐厅·furqat 15a,未在地图上获取有效位置坐标，用户搜索时，需要自行确认,https://www.google.com/maps/search/Saray%E6%96%B0%E7%96%86%E9%A4%90%E5%8E%85%20Tashkent%20Uzbekistan%20restaurant,/Users/g90/Documents/Codex/2026-06-13/hermes/work/maps_reads/064_Saray新疆餐厅.md,,,,,,
微信餐厅,一站式火锅外卖,一站式火锅外卖,一站式火锅外卖,中餐,待用户自行确认,Google无同名结果,,,,,未在地图上获取有效位置坐标，用户搜索时，需要自行确认,https://www.google.com/maps/search/%E4%B8%80%E7%AB%99%E5%BC%8F%E7%81%AB%E9%94%85%E5%A4%96%E5%8D%96%20Tashkent%20Uzbekistan%20restaurant,/Users/g90/Documents/Codex/2026-06-13/hermes/work/maps_reads/065_一站式火锅外卖.md,,,,,,
微信餐厅,渝味山庄江湖菜,渝味山庄江湖菜,渝味山庄江湖菜,中餐,待用户自行确认,Google无同名结果,,,,,未在地图上获取有效位置坐标，用户搜索时，需要自行确认,https://www.google.com/maps/search/%E6%B8%9D%E5%91%B3%E5%B1%B1%E5%BA%84%E6%B1%9F%E6%B9%96%E8%8F%9C%20Tashkent%20Uzbekistan%20restaurant,/Users/g90/Documents/Codex/2026-06-13/hermes/work/maps_reads/067_渝味山庄江湖菜.md,,,,,,
微信餐厅,重庆小面,重庆小面,重庆小面,中餐,待用户自行确认,Google候选需核名,,,China Arena Restaurant,中国风味；菜单主打餐饮：重庆小面,未在地图上获取有效位置坐标，用户搜索时，需要自行确认,https://www.google.com/maps/search/%E9%87%8D%E5%BA%86%E5%B0%8F%E9%9D%A2%20Tashkent%20Uzbekistan%20restaurant,/Users/g90/Documents/Codex/2026-06-13/hermes/work/maps_reads/068_重庆小面.md,,,,,,
微信餐厅,温州饭店,温州饭店,温州饭店,中餐,待用户自行确认,Google候选需核名,,,竹子广式点心,4.0 (125)·UZS 10-25万 | 中国风味·Taras Shevchenko ko'chasi 30 | 已结束营业 · 开始营业时间：11:00,未在地图上获取有效位置坐标，用户搜索时，需要自行确认,https://www.google.com/maps/search/%E6%B8%A9%E5%B7%9E%E9%A5%AD%E5%BA%97%20Tashkent%20Uzbekistan%20restaurant,/Users/g90/xiaohongshu_tandian_recovered/tandian_only/wechat_restaurants/google_all44_pages_rerun/01_温州饭店.md,,,,,,
微信餐厅,sakura樱花烤肉自助餐厅,sakura樱花烤肉自助餐厅,sakura樱花烤肉自助餐厅,其他,待用户自行确认,Google候选需核名,,,,有Google结果坐标但未解析到可读候选名称,未在地图上获取有效位置坐标，用户搜索时，需要自行确认,https://www.google.com/maps/search/sakura%E6%A8%B1%E8%8A%B1%E7%83%A4%E8%82%89%E8%87%AA%E5%8A%A9%E9%A4%90%E5%8E%85%20Tashkent%20Uzbekistan%20restaurant,/Users/g90/xiaohongshu_tandian_recovered/tandian_only/wechat_restaurants/google_all44_pages_rerun/02_sakura樱花烤肉自助餐厅.md,,,,,,
微信餐厅,东方红餐厅,东方红餐厅,东方红餐厅,中餐,待用户自行确认,Google候选需核名,,,TURANDOT TASHKENT,4.5 (70) | 中国风味·улица Айбек 42 | 已结束营业 · 开始营业时间：12:00,未在地图上获取有效位置坐标，用户搜索时，需要自行确认,https://www.google.com/maps/search/%E4%B8%9C%E6%96%B9%E7%BA%A2%E9%A4%90%E5%8E%85%20Tashkent%20Uzbekistan%20restaurant,/Users/g90/xiaohongshu_tandian_recovered/tandian_only/wechat_restaurants/google_all44_pages_rerun/03_东方红餐厅.md,,,,,,
微信餐厅,中国烧烤,中国烧烤,中国烧烤,中餐,待用户自行确认,Google候选需核名,,,华人餐厅,4.8 (12) | 中国风味·8728+Q2Q,未在地图上获取有效位置坐标，用户搜索时，需要自行确认,https://www.google.com/maps/search/%E4%B8%AD%E5%9B%BD%E7%83%A7%E7%83%A4%20Tashkent%20Uzbekistan%20restaurant,/Users/g90/xiaohongshu_tandian_recovered/tandian_only/wechat_restaurants/google_all44_pages_rerun/04_中国烧烤.md,,,,,,
微信餐厅,念家湘湘菜馆,念家湘湘菜馆,念家湘湘菜馆,中餐,待用户自行确认,Google候选需核名,,,"Старое название Gulja xogo)Хого центр.дапанжи.лагман,ашлянфу...hot pot",4.3 (55)·UZS 10-15万 | 火锅·86XG+QC7 | 已结束营业 · 开始营业时间：11:00,未在地图上获取有效位置坐标，用户搜索时，需要自行确认,https://www.google.com/maps/search/%E5%BF%B5%E5%AE%B6%E6%B9%98%E6%B9%98%E8%8F%9C%E9%A6%86%20Tashkent%20Uzbekistan%20restaurant,/Users/g90/xiaohongshu_tandian_recovered/tandian_only/wechat_restaurants/google_all44_pages_rerun/05_念家湘湘菜馆.md,,,,,,
微信餐厅,沙县小吃,沙县小吃,沙县小吃,中餐,待用户自行确认,Google候选需核名,,,Khan Chapan,4.5 (808) | 乌兹别克风味··Usta Olim tupik 5 | 已结束营业 · 开始营业时间：12:00,未在地图上获取有效位置坐标，用户搜索时，需要自行确认,https://www.google.com/maps/search/%E6%B2%99%E5%8E%BF%E5%B0%8F%E5%90%83%20Tashkent%20Uzbekistan%20restaurant,/Users/g90/xiaohongshu_tandian_recovered/tandian_only/wechat_restaurants/google_all44_pages_rerun/07_沙县小吃.md,,,,,,
微信餐厅,唐朝饭店,唐朝饭店,唐朝饭店,中餐,待用户自行确认,Google候选需核名,,,TURANDOT TASHKENT,4.5 (70) | 中国风味·улица Айбек 42 | 已结束营业 · 开始营业时间：12:00,未在地图上获取有效位置坐标，用户搜索时，需要自行确认,https://www.google.com/maps/search/%E5%94%90%E6%9C%9D%E9%A5%AD%E5%BA%97%20Tashkent%20Uzbekistan%20restaurant,/Users/g90/xiaohongshu_tandian_recovered/tandian_only/wechat_restaurants/google_all44_pages_rerun/08_唐朝饭店.md,,,,,,
微信餐厅,乌鲁木齐餐厅,乌鲁木齐餐厅,乌鲁木齐餐厅,中餐,待用户自行确认,Google候选需核名,,,# Google 地图, | ,未在地图上获取有效位置坐标，用户搜索时，需要自行确认,https://www.google.com/maps/search/%E4%B9%8C%E9%B2%81%E6%9C%A8%E9%BD%90%E9%A4%90%E5%8E%85%20Tashkent%20Uzbekistan%20restaurant,/Users/g90/xiaohongshu_tandian_recovered/tandian_only/wechat_restaurants/google_all44_pages_rerun/09_乌鲁木齐餐厅.md,,,,,,
微信餐厅,Avenue中国串串,Avenue中国串串,Avenue中国串串,中餐,待用户自行确认,Google候选需核名,,,# Google 地图,,未在地图上获取有效位置坐标，用户搜索时，需要自行确认,https://www.google.com/maps/search/Avenue%E4%B8%AD%E5%9B%BD%E4%B8%B2%E4%B8%B2%20Tashkent%20Uzbekistan%20restaurant,/Users/g90/xiaohongshu_tandian_recovered/tandian_only/wechat_restaurants/google_all44_pages_rerun/10_Avenue中国串串.md,,,,,,
微信餐厅,都来顺面馆,都来顺面馆,都来顺面馆,中餐,待用户自行确认,Google候选需核名,,,兰州拉面,"4.1 (166)·UZS 5-10万 | 中国风味·78M3+5WC, Фарғона Йўли | 已结束营业 · 开始营业时间：10:00",未在地图上获取有效位置坐标，用户搜索时，需要自行确认,https://www.google.com/maps/search/%E9%83%BD%E6%9D%A5%E9%A1%BA%E9%9D%A2%E9%A6%86%20Tashkent%20Uzbekistan%20restaurant,/Users/g90/xiaohongshu_tandian_recovered/tandian_only/wechat_restaurants/google_all44_pages_rerun/11_都来顺面馆.md,,,,,,
微信餐厅,塔什干《忆湖湘》湘菜馆,塔什干《忆湖湘》湘菜馆,塔什干《忆湖湘》湘菜馆,中餐,待用户自行确认,Google候选需核名,,,# Google 地图,Google结果数据含坐标；需按候选名称/地址核对是否对应原餐厅,未在地图上获取有效位置坐标，用户搜索时，需要自行确认,https://www.google.com/maps/search/%E5%A1%94%E4%BB%80%E5%B9%B2%E3%80%8A%E5%BF%86%E6%B9%96%E6%B9%98%E3%80%8B%E6%B9%98%E8%8F%9C%E9%A6%86%20Tashkent%20Uzbekistan%20restaurant,/Users/g90/xiaohongshu_tandian_recovered/tandian_only/wechat_restaurants/google_all44_pages_rerun/12_塔什干_忆湖湘_湘菜馆.md,,,,,,
微信餐厅,塔什干川蓉燚中餐厅,塔什干川蓉燚中餐厅,塔什干川蓉燚中餐厅,中餐,待用户自行确认,Google无有效结果,,,,,未在地图上获取有效位置坐标，用户搜索时，需要自行确认,https://www.google.com/maps/search/%E5%A1%94%E4%BB%80%E5%B9%B2%E5%B7%9D%E8%93%89%E7%87%9A%E4%B8%AD%E9%A4%90%E5%8E%85%20Tashkent%20Uzbekistan%20restaurant,/Users/g90/Documents/Codex/2026-06-13/hermes/work/maps_reads_next/083_塔什干川蓉燚中餐厅.md,,,,,,
微信餐厅,中国四千年喇家拉面,中国四千年喇家拉面,中国四千年喇家拉面,中餐,待用户自行确认,Google候选需核名,,,# Google 地图, | ,未在地图上获取有效位置坐标，用户搜索时，需要自行确认,https://www.google.com/maps/search/%E4%B8%AD%E5%9B%BD%E5%9B%9B%E5%8D%83%E5%B9%B4%E5%96%87%E5%AE%B6%E6%8B%89%E9%9D%A2%20Tashkent%20Uzbekistan%20restaurant,/Users/g90/xiaohongshu_tandian_recovered/tandian_only/wechat_restaurants/google_all44_pages_rerun/14_中国四千年喇家拉面.md,,,,,,
微信餐厅,福建餐厅,福建餐厅,福建餐厅,中餐,待用户自行确认,Google候选需核名,,,# Google 地图,天津饭店 | 4.0 (144)·UZS 10-35万 | 中国风味·Амир Темур шоҳ кўчаси,未在地图上获取有效位置坐标，用户搜索时，需要自行确认,https://www.google.com/maps/search/%E7%A6%8F%E5%BB%BA%E9%A4%90%E5%8E%85%20Tashkent%20Uzbekistan%20restaurant,/Users/g90/xiaohongshu_tandian_recovered/tandian_only/wechat_restaurants/google_all44_pages_rerun/15_福建餐厅.md,,,,,,
微信餐厅,友谊饭店,友谊饭店,友谊饭店,中餐,待用户自行确认,Google候选需核名,,,中国饭店,4.2 (21)·UZS 20-25万 | 中国风味·77VQ+7PJ | 堂食·外带,未在地图上获取有效位置坐标，用户搜索时，需要自行确认,https://www.google.com/maps/search/%E5%8F%8B%E8%B0%8A%E9%A5%AD%E5%BA%97%20Tashkent%20Uzbekistan%20restaurant,/Users/g90/xiaohongshu_tandian_recovered/tandian_only/wechat_restaurants/google_all44_pages_rerun/16_友谊饭店.md,,,,,,
微信餐厅,中乌饭店,中乌饭店,中乌饭店,中餐,待用户自行确认,Google候选需核名,,,华人餐厅,"4.8 (12) | 中国风味·8728+Q2Q | ""因為大家喜歡清淡餐食，所以這一餐大家很滿意""",未在地图上获取有效位置坐标，用户搜索时，需要自行确认,https://www.google.com/maps/search/%E4%B8%AD%E4%B9%8C%E9%A5%AD%E5%BA%97%20Tashkent%20Uzbekistan%20restaurant,/Users/g90/xiaohongshu_tandian_recovered/tandian_only/wechat_restaurants/google_all44_pages_rerun/17_中乌饭店.md,,,,,,
微信餐厅,成都饭店,成都饭店,成都饭店,中餐,待用户自行确认,Google候选需核名,,,TURANDOT TASHKENT,4.5 (70) | 中国风味·улица Айбек 42 | 已结束营业 · 开始营业时间：12:00,未在地图上获取有效位置坐标，用户搜索时，需要自行确认,https://www.google.com/maps/search/%E6%88%90%E9%83%BD%E9%A5%AD%E5%BA%97%20Tashkent%20Uzbekistan%20restaurant,/Users/g90/xiaohongshu_tandian_recovered/tandian_only/wechat_restaurants/google_all44_pages_rerun/18_成都饭店.md,,,,,,
微信餐厅,亲亲面馆,亲亲面馆,亲亲面馆,中餐,待用户自行确认,Google候选需核名,,,兰州拉面,"4.1 (166)·UZS 5-10万 | 中国风味·78M3+5WC, Фарғона Йўли | 已结束营业 · 开始营业时间：10:00",未在地图上获取有效位置坐标，用户搜索时，需要自行确认,https://www.google.com/maps/search/%E4%BA%B2%E4%BA%B2%E9%9D%A2%E9%A6%86%20Tashkent%20Uzbekistan%20restaurant,/Users/g90/xiaohongshu_tandian_recovered/tandian_only/wechat_restaurants/google_all44_pages_rerun/19_亲亲面馆.md,,,,,,
微信餐厅,川湘食府,川湘食府,川湘食府,中餐,待用户自行确认,Google候选需核名,,,长安宴宾楼 | Shuan Hiang Shi Fu,"Sariko'l ko'chasi 2, 100005, Тоshkent",未在地图上获取有效位置坐标，用户搜索时，需要自行确认,https://www.google.com/maps/search/%E5%B7%9D%E6%B9%98%E9%A3%9F%E5%BA%9C%20Tashkent%20Uzbekistan%20restaurant,/Users/g90/Documents/Codex/2026-06-13/hermes/work/maps_reads_next/090_川湘食府.md,,,,,,
微信餐厅,百顺餐厅,百顺餐厅,百顺餐厅,中餐,待用户自行确认,Google候选需核名,,,竹子广式点心,4.0 (125)·UZS 10-25万 | 中国风味·Taras Shevchenko ko'chasi 30 | 已结束营业 · 开始营业时间：11:00,未在地图上获取有效位置坐标，用户搜索时，需要自行确认,https://www.google.com/maps/search/%E7%99%BE%E9%A1%BA%E9%A4%90%E5%8E%85%20Tashkent%20Uzbekistan%20restaurant,/Users/g90/xiaohongshu_tandian_recovered/tandian_only/wechat_restaurants/google_all44_pages_rerun/22_百顺餐厅.md,,,,,,
微信餐厅,长沙饭店,长沙饭店,长沙饭店,中餐,待用户自行确认,Google候选需核名,,,# Google 地图, | ,未在地图上获取有效位置坐标，用户搜索时，需要自行确认,https://www.google.com/maps/search/%E9%95%BF%E6%B2%99%E9%A5%AD%E5%BA%97%20Tashkent%20Uzbekistan%20restaurant,/Users/g90/xiaohongshu_tandian_recovered/tandian_only/wechat_restaurants/google_all44_pages_rerun/23_长沙饭店.md,,,,,,
微信餐厅,长安巷·融合菜,长安巷·融合菜,长安巷·融合菜,中餐,待用户自行确认,Google候选需核名,,,GAO GAO,"4.8 (20)·UZS 35-40万 | 餐馆·Groundzero Sharq, Ташкент, Яшнабадский район, 1-й тупик 2-го проезда улицы Пахлавана Махмуда, 31 | 已结束营业 · 开始营业时间：14:00",未在地图上获取有效位置坐标，用户搜索时，需要自行确认,https://www.google.com/maps/search/%E9%95%BF%E5%AE%89%E5%B7%B7%C2%B7%E8%9E%8D%E5%90%88%E8%8F%9C%20Tashkent%20Uzbekistan%20restaurant,/Users/g90/xiaohongshu_tandian_recovered/tandian_only/wechat_restaurants/google_all44_pages_rerun/24_长安巷_融合菜.md,,,,,,
微信餐厅,成都蜀味汤火锅,成都蜀味汤火锅,成都蜀味汤火锅,中餐,待用户自行确认,Google候选需核名,,,# Google 地图, | ,未在地图上获取有效位置坐标，用户搜索时，需要自行确认,https://www.google.com/maps/search/%E6%88%90%E9%83%BD%E8%9C%80%E5%91%B3%E6%B1%A4%E7%81%AB%E9%94%85%20Tashkent%20Uzbekistan%20restaurant,/Users/g90/xiaohongshu_tandian_recovered/tandian_only/wechat_restaurants/google_all44_pages_rerun/25_成都蜀味汤火锅.md,,,,,,
微信餐厅,爱斯塔Asta音乐餐厅 韩国街店,爱斯塔Asta音乐餐厅 韩国街店,爱斯塔Asta音乐餐厅 韩国街店,咖啡厅,待用户自行确认,Google候选需核名,,,한식당 ALFA & bakery,"4.8 (142)·UZS 10-15万 | 韩国风味··8th of March Street, 90 | 已结束营业 · 开始营业时间：10:00",未在地图上获取有效位置坐标，用户搜索时，需要自行确认,https://www.google.com/maps/search/%E7%88%B1%E6%96%AF%E5%A1%94Asta%E9%9F%B3%E4%B9%90%E9%A4%90%E5%8E%85%20%E9%9F%A9%E5%9B%BD%E8%A1%97%E5%BA%97%20Tashkent%20Uzbekistan%20restaurant,/Users/g90/xiaohongshu_tandian_recovered/tandian_only/wechat_restaurants/google_all44_pages_rerun/28_爱斯塔Asta音乐餐厅_韩国街店.md,,,,,,
微信餐厅,西南川菜馆,西南川菜馆,西南川菜馆,中餐,待用户自行确认,Google候选需核名,,,China chuan chuan,3.9 (26) | 火锅·Mirobod ko'chasi 9а | 堂食·外带,未在地图上获取有效位置坐标，用户搜索时，需要自行确认,https://www.google.com/maps/search/%E8%A5%BF%E5%8D%97%E5%B7%9D%E8%8F%9C%E9%A6%86%20Tashkent%20Uzbekistan%20restaurant,/Users/g90/xiaohongshu_tandian_recovered/tandian_only/wechat_restaurants/google_all44_pages_rerun/29_西南川菜馆.md,,,,,,
微信餐厅,百味餐厅,百味餐厅,百味餐厅,中餐,待用户自行确认,Google候选需核名,,,竹子广式点心,4.0 (125)·UZS 10-25万 | 中国风味·Taras Shevchenko ko'chasi 30 | 已结束营业 · 开始营业时间：11:00,未在地图上获取有效位置坐标，用户搜索时，需要自行确认,https://www.google.com/maps/search/%E7%99%BE%E5%91%B3%E9%A4%90%E5%8E%85%20Tashkent%20Uzbekistan%20restaurant,/Users/g90/xiaohongshu_tandian_recovered/tandian_only/wechat_restaurants/google_all44_pages_rerun/30_百味餐厅.md,,,,,,
微信餐厅,来福餐厅,来福餐厅,来福餐厅,中餐,待用户自行确认,Google无同名结果,,,,,未在地图上获取有效位置坐标，用户搜索时，需要自行确认,https://www.google.com/maps/search/%E6%9D%A5%E7%A6%8F%E9%A4%90%E5%8E%85%20Tashkent%20Uzbekistan%20restaurant,/Users/g90/Documents/Codex/2026-06-13/hermes/work/maps_reads_next/098_来福餐厅.md,,,,,,
微信餐厅,VINO GALAXY 酒水管家,VINO GALAXY 酒水管家,VINO GALAXY 酒水管家,其他,待用户自行确认,单源参考(Google),,,Brooklyn vino vodka,"4.2 (11) | 酒类商店·Госпитальный рынок, Avliyoota Street 2 | 24 小时营业·+998 78 555 79 79",未在地图上获取有效位置坐标，用户搜索时，需要自行确认,https://www.google.com/maps/search/VINO%20GALAXY%20%E9%85%92%E6%B0%B4%E7%AE%A1%E5%AE%B6%20Tashkent%20Uzbekistan%20restaurant,/Users/g90/xiaohongshu_tandian_recovered/tandian_only/wechat_restaurants/google_all44_pages_rerun/32_VINO_GALAXY_酒水管家.md,,,,,,
微信餐厅,包子客牛肉汤包,包子客牛肉汤包,包子客牛肉汤包,中餐,待用户自行确认,Google候选需核名,,,BOBOY Shevchenko,4.7 (289)·UZS 15-40万 | 乌兹别克风味··Taras Shevchenko ko'chasi 38a | 24 小时营业,未在地图上获取有效位置坐标，用户搜索时，需要自行确认,https://www.google.com/maps/search/%E5%8C%85%E5%AD%90%E5%AE%A2%E7%89%9B%E8%82%89%E6%B1%A4%E5%8C%85%20Tashkent%20Uzbekistan%20restaurant,/Users/g90/xiaohongshu_tandian_recovered/tandian_only/wechat_restaurants/google_all44_pages_rerun/33_包子客牛肉汤包.md,,,,,,
微信餐厅,永福餐厅,永福餐厅,永福餐厅,中餐,待用户自行确认,Google候选需核名,,,# Google 地图,,未在地图上获取有效位置坐标，用户搜索时，需要自行确认,https://www.google.com/maps/search/%E6%B0%B8%E7%A6%8F%E9%A4%90%E5%8E%85%20Tashkent%20Uzbekistan%20restaurant,/Users/g90/xiaohongshu_tandian_recovered/tandian_only/wechat_restaurants/google_all44_pages_rerun/34_永福餐厅.md,,,,,,
微信餐厅,川渝私房菜（东方明珠酒店）,川渝私房菜（东方明珠酒店）,川渝私房菜（东方明珠酒店）,中餐,待用户自行确认,Google无同名结果,,,,,未在地图上获取有效位置坐标，用户搜索时，需要自行确认,https://www.google.com/maps/search/%E5%B7%9D%E6%B8%9D%E7%A7%81%E6%88%BF%E8%8F%9C%EF%BC%88%E4%B8%9C%E6%96%B9%E6%98%8E%E7%8F%A0%E9%85%92%E5%BA%97%EF%BC%89%20Tashkent%20Uzbekistan%20restaurant,/Users/g90/Documents/Codex/2026-06-13/hermes/work/maps_reads_next/102_川渝私房菜（东方明珠酒店）.md,,,,,,
微信餐厅,土窑烧烤,土窑烧烤,土窑烧烤,中餐,待用户自行确认,Google候选需核名,,,9292 Korean BBQ,4.1 (130)·UZS 5-30万 | 韩国风味烧烤·Oybek ko'chasi 40 | 已结束营业 · 开始营业时间：11:00,未在地图上获取有效位置坐标，用户搜索时，需要自行确认,https://www.google.com/maps/search/%E5%9C%9F%E7%AA%91%E7%83%A7%E7%83%A4%20Tashkent%20Uzbekistan%20restaurant,/Users/g90/xiaohongshu_tandian_recovered/tandian_only/wechat_restaurants/google_all44_pages_rerun/36_土窑烧烤.md,,,,,,
微信餐厅,万记川湘菜,万记川湘菜,万记川湘菜,中餐,待用户自行确认,Google候选需核名,,,Dunganskaya Kukhnya,4.5 (18)·UZS 5-10万 | 中国风味·Kumarik ko'chasi 9 | 已结束营业 · 开始营业时间：11:00,未在地图上获取有效位置坐标，用户搜索时，需要自行确认,https://www.google.com/maps/search/%E4%B8%87%E8%AE%B0%E5%B7%9D%E6%B9%98%E8%8F%9C%20Tashkent%20Uzbekistan%20restaurant,/Users/g90/xiaohongshu_tandian_recovered/tandian_only/wechat_restaurants/google_all44_pages_rerun/37_万记川湘菜.md,,,,,,
微信餐厅,阿尔马雷克市好运中餐厅,阿尔马雷克市好运中餐厅,阿尔马雷克市好运中餐厅,中餐,待用户自行确认,Google候选需核名,,,Chicken Asian Food,4.0 (30)·UZS 5-10万 | 适合家庭聚会·Ulitsa Furkata | 已结束营业 · 开始营业时间：09:00,未在地图上获取有效位置坐标，用户搜索时，需要自行确认,https://www.google.com/maps/search/%E9%98%BF%E5%B0%94%E9%A9%AC%E9%9B%B7%E5%85%8B%E5%B8%82%E5%A5%BD%E8%BF%90%E4%B8%AD%E9%A4%90%E5%8E%85%20Tashkent%20Uzbekistan%20restaurant,/Users/g90/xiaohongshu_tandian_recovered/tandian_only/wechat_restaurants/google_all44_pages_rerun/38_阿尔马雷克市好运中餐厅.md,,,,,,
微信餐厅,长安大饭店,长安大饭店,长安大饭店,中餐,待用户自行确认,Google候选需核名,,,# Google 地图,,未在地图上获取有效位置坐标，用户搜索时，需要自行确认,https://www.google.com/maps/search/%E9%95%BF%E5%AE%89%E5%A4%A7%E9%A5%AD%E5%BA%97%20Tashkent%20Uzbekistan%20restaurant,/Users/g90/xiaohongshu_tandian_recovered/tandian_only/wechat_restaurants/google_all44_pages_rerun/40_长安大饭店.md,,,,,,
微信餐厅,CBF撒马尔罕中餐厅,CBF撒马尔罕中餐厅,CBF撒马尔罕中餐厅,中餐,待用户自行确认,Google候选需核名,,,# Google 地图,,未在地图上获取有效位置坐标，用户搜索时，需要自行确认,https://www.google.com/maps/search/CBF%E6%92%92%E9%A9%AC%E5%B0%94%E7%BD%95%E4%B8%AD%E9%A4%90%E5%8E%85%20Tashkent%20Uzbekistan%20restaurant,/Users/g90/xiaohongshu_tandian_recovered/tandian_only/wechat_restaurants/google_all44_pages_rerun/41_CBF撒马尔罕中餐厅.md,,,,,,
微信餐厅,撒马尔罕新疆风味餐厅,撒马尔罕新疆风味餐厅,撒马尔罕新疆风味餐厅,中餐,待用户自行确认,Google无同名结果,,,,,未在地图上获取有效位置坐标，用户搜索时，需要自行确认,https://www.google.com/maps/search/%E6%92%92%E9%A9%AC%E5%B0%94%E7%BD%95%E6%96%B0%E7%96%86%E9%A3%8E%E5%91%B3%E9%A4%90%E5%8E%85%20Tashkent%20Uzbekistan%20restaurant,/Users/g90/Documents/Codex/2026-06-13/hermes/work/maps_reads_next/108_撒马尔罕新疆风味餐厅.md,,,,,,
微信餐厅,布哈拉新疆餐厅,布哈拉新疆餐厅,布哈拉新疆餐厅,中餐,待用户自行确认,Google候选需核名,,,Zaytoon,4.8 (510)·UZS 10-40万 | 餐馆·Zulfiya Street 11 | 已结束营业 · 开始营业时间：11:00,未在地图上获取有效位置坐标，用户搜索时，需要自行确认,https://www.google.com/maps/search/%E5%B8%83%E5%93%88%E6%8B%89%E6%96%B0%E7%96%86%E9%A4%90%E5%8E%85%20Tashkent%20Uzbekistan%20restaurant,/Users/g90/xiaohongshu_tandian_recovered/tandian_only/wechat_restaurants/google_all44_pages_rerun/43_布哈拉新疆餐厅.md,,,,,,
微信餐厅,安集延国际酒店中餐厅（川湘菜）,安集延国际酒店中餐厅（川湘菜）,安集延国际酒店中餐厅（川湘菜）,中餐,待用户自行确认,Google候选需核名,,,# Google 地图,https://www.agoda.com/ https://www.agoda.com › hotel › andizhan-uz | 安集延国际酒店(Andijon international hotel) - Agoda.com | 安集延国际酒店是一家位于乌兹别克斯坦安集延市的优质三星酒店，为旅客提供温馨且便利的住宿环境。酒店的入住时间为中午12点以后，确保您在抵达后可以轻松办理入住手续，开始 ...,未在地图上获取有效位置坐标，用户搜索时，需要自行确认,https://www.google.com/maps/search/%E5%AE%89%E9%9B%86%E5%BB%B6%E5%9B%BD%E9%99%85%E9%85%92%E5%BA%97%E4%B8%AD%E9%A4%90%E5%8E%85%EF%BC%88%E5%B7%9D%E6%B9%98%E8%8F%9C%EF%BC%89%20Tashkent%20Uzbekistan%20restaurant,/Users/g90/xiaohongshu_tandian_recovered/tandian_only/wechat_restaurants/google_all44_pages_rerun/44_安集延国际酒店中餐厅_川湘菜_.md,,,,,,
